date,deepSleepTime,shallowSleepTime,wakeTime,start,stop,REMTime,naps
2021-01-01,11,168,86,2021-01-01 03:58:00+0000,2021-01-01 10:05:00+0000,102,
2021-01-02,64,452,41,2021-01-01 23:48:00+0000,2021-01-02 10:05:00+0000,60,
2021-01-03,60,448,9,2021-01-03 00:44:00+0000,2021-01-03 09:52:00+0000,31,
2021-01-04,105,293,16,2021-01-04 00:03:00+0000,2021-01-04 08:09:00+0000,72,
2021-01-05,57,387,0,2021-01-05 00:31:00+0000,2021-01-05 08:58:00+0000,63,
2021-01-06,88,292,54,2021-01-06 01:05:00+0000,2021-01-06 09:44:00+0000,85,
2021-01-07,51,331,4,2021-01-07 00:55:00+0000,2021-01-07 08:31:00+0000,70,
2021-01-08,102,305,22,2021-01-08 00:32:00+0000,2021-01-08 08:28:00+0000,47,
2021-01-09,92,336,0,2021-01-09 00:41:00+0000,2021-01-09 08:18:00+0000,29,
2021-01-10,12,290,0,2021-01-10 01:03:00+0000,2021-01-10 06:30:00+0000,25,"[{\"start\":\"2019-04-14 00:32:44+0000\",\"end\":\"2019-04-14 00:32:55+0000\"},{\"start\":\"2019-04-14 00:32:56+0000\",\"end\":\"2019-04-14 00:33:19+0000\"},{\"start\":\"2019-04-14 00:33:20+0000\",\"end\":\"2019-04-14 00:34:53+0000\"}]"
2021-01-11,59,259,11,2021-01-11 00:51:00+0000,2021-01-11 06:59:00+0000,39,
2021-01-12,52,256,2,2021-01-11 23:47:00+0000,2021-01-12 05:37:00+0000,40,
2021-01-13,0,0,0,2021-01-11 23:00:00+0000,2021-01-11 23:00:00+0000,0,
2021-01-14,0,0,0,2021-01-12 23:00:00+0000,2021-01-12 23:00:00+0000,0,
2021-01-15,0,0,0,2021-01-13 23:00:00+0000,2021-01-13 23:00:00+0000,0,
2021-01-16,0,0,0,2021-01-14 23:00:00+0000,2021-01-14 23:00:00+0000,0,
2021-01-17,0,0,0,2021-01-15 23:00:00+0000,2021-01-15 23:00:00+0000,0,
2021-01-18,0,0,0,2021-01-16 23:00:00+0000,2021-01-16 23:00:00+0000,0,
2021-01-19,0,0,0,2021-01-17 23:00:00+0000,2021-01-17 23:00:00+0000,0,
2021-01-20,0,0,0,2021-01-18 23:00:00+0000,2021-01-18 23:00:00+0000,0,
2021-01-21,0,0,0,2021-01-19 23:00:00+0000,2021-01-19 23:00:00+0000,0,
2021-01-22,0,0,0,2021-01-20 23:00:00+0000,2021-01-20 23:00:00+0000,0,
2021-01-23,0,0,0,2021-01-21 23:00:00+0000,2021-01-21 23:00:00+0000,0,
2021-01-24,89,355,3,2021-01-24 00:44:00+0000,2021-01-24 09:07:00+0000,56,
2021-01-25,90,263,12,2021-01-25 00:21:00+0000,2021-01-25 07:54:00+0000,88,
2021-01-26,80,324,30,2021-01-26 00:20:00+0000,2021-01-26 08:47:00+0000,73,
2021-01-27,55,204,24,2021-01-27 00:41:00+0000,2021-01-27 06:34:00+0000,70,
2021-01-28,63,255,49,2021-01-28 00:34:00+0000,2021-01-28 08:10:00+0000,89,
2021-01-29,66,309,60,2021-01-29 00:35:00+0000,2021-01-29 08:41:00+0000,51,
2021-01-30,54,331,40,2021-01-30 00:23:00+0000,2021-01-30 09:33:00+0000,125,
2021-01-31,49,330,32,2021-01-31 00:54:00+0000,2021-01-31 09:17:00+0000,92,
2021-02-01,50,310,25,2021-02-01 00:42:00+0000,2021-02-01 07:47:00+0000,40,
2021-02-02,103,346,13,2021-02-02 00:09:00+0000,2021-02-02 08:40:00+0000,49,
2021-02-03,64,301,0,2021-02-03 00:50:00+0000,2021-02-03 07:18:00+0000,23,
2021-02-04,50,318,5,2021-02-04 00:02:00+0000,2021-02-04 06:54:00+0000,39,
2021-02-05,25,286,74,2021-02-05 00:29:00+0000,2021-02-05 08:32:00+0000,98,
2021-02-06,0,0,0,2021-02-04 23:00:00+0000,2021-02-04 23:00:00+0000,0,
2021-02-07,41,178,53,2021-02-07 00:38:00+0000,2021-02-07 06:36:00+0000,86,"[{\"start\":\"2019-04-14 00:33:44+0000\",\"end\":\"2019-04-14 00:34:43+0000\"}]"
2021-02-08,68,250,61,2021-02-08 00:02:00+0000,2021-02-08 08:37:00+0000,136,
2021-02-09,75,308,27,2021-02-09 00:28:00+0000,2021-02-09 08:00:00+0000,42,
2021-02-10,60,199,5,2021-02-10 00:13:00+0000,2021-02-10 06:08:00+0000,91,
2021-02-11,69,300,34,2021-02-11 00:16:00+0000,2021-02-11 08:07:00+0000,68,
2021-02-12,48,308,2,2021-02-12 00:15:00+0000,2021-02-12 06:54:00+0000,41,
2021-02-13,93,314,65,2021-02-13 00:40:00+0000,2021-02-13 09:07:00+0000,35,
2021-02-14,88,358,49,2021-02-14 00:38:00+0000,2021-02-14 09:55:00+0000,62,
2021-02-15,42,340,16,2021-02-15 00:51:00+0000,2021-02-15 07:53:00+0000,24,
2021-02-16,94,311,20,2021-02-16 00:57:00+0000,2021-02-16 08:58:00+0000,56,
2021-02-17,68,282,41,2021-02-17 00:37:00+0000,2021-02-17 07:58:00+0000,50,
2021-02-18,82,240,40,2021-02-18 01:01:00+0000,2021-02-18 09:03:00+0000,120,
2021-02-19,69,355,27,2021-02-18 23:56:00+0000,2021-02-19 08:48:00+0000,81,
2021-02-20,74,270,26,2021-02-20 00:51:00+0000,2021-02-20 08:57:00+0000,116,
2021-02-21,53,387,10,2021-02-21 01:15:00+0000,2021-02-21 09:35:00+0000,50,
2021-02-22,58,181,37,2021-02-22 00:52:00+0000,2021-02-22 06:38:00+0000,70,"[{\"start\":\"2019-04-14 00:33:14+0000\",\"end\":\"2019-04-14 00:33:47+0000\"}]"
2021-02-23,66,273,70,2021-02-23 00:40:00+0000,2021-02-23 08:25:00+0000,56,
2021-02-24,86,335,12,2021-02-24 00:41:00+0000,2021-02-24 08:33:00+0000,39,
2021-02-25,112,285,34,2021-02-24 23:45:00+0000,2021-02-25 08:01:00+0000,65,
2021-02-26,84,336,27,2021-02-25 23:46:00+0000,2021-02-26 08:28:00+0000,75,
2021-02-27,98,359,15,2021-02-27 00:09:00+0000,2021-02-27 09:38:00+0000,97,
2021-02-28,100,290,51,2021-02-28 00:03:00+0000,2021-02-28 08:30:00+0000,66,
2021-03-01,60,183,6,2021-02-28 23:54:00+0000,2021-03-01 04:57:00+0000,54,"[{\"start\":\"2019-04-14 00:32:16+0000\",\"end\":\"2019-04-14 00:32:26+0000\"},{\"start\":\"2019-04-14 00:32:27+0000\",\"end\":\"2019-04-14 00:32:31+0000\"},{\"start\":\"2019-04-14 00:32:32+0000\",\"end\":\"2019-04-14 00:32:48+0000\"}]"
2021-03-02,74,301,21,2021-03-02 00:22:00+0000,2021-03-02 08:11:00+0000,73,
2021-03-03,110,328,29,2021-03-02 23:52:00+0000,2021-03-03 08:22:00+0000,43,
2021-03-04,66,385,2,2021-03-04 00:34:00+0000,2021-03-04 08:54:00+0000,47,
2021-03-05,68,288,15,2021-03-05 00:35:00+0000,2021-03-05 07:08:00+0000,22,
2021-03-06,67,279,34,2021-03-06 01:04:00+0000,2021-03-06 07:58:00+0000,34,
2021-03-07,84,174,28,2021-03-07 03:32:00+0000,2021-03-07 09:22:00+0000,64,
2021-03-08,84,230,72,2021-03-08 00:05:00+0000,2021-03-08 08:58:00+0000,147,
2021-03-09,70,281,19,2021-03-09 00:39:00+0000,2021-03-09 08:06:00+0000,77,
2021-03-10,71,334,0,2021-03-10 00:11:00+0000,2021-03-10 08:08:00+0000,72,
2021-03-11,54,244,25,2021-03-11 00:23:00+0000,2021-03-11 07:13:00+0000,87,
2021-03-12,89,361,24,2021-03-11 23:49:00+0000,2021-03-12 08:43:00+0000,60,
2021-03-13,44,280,53,2021-03-13 00:19:00+0000,2021-03-13 08:52:00+0000,136,
2021-03-14,52,302,42,2021-03-14 00:13:00+0000,2021-03-14 08:06:00+0000,77,
2021-03-15,63,310,19,2021-03-14 23:52:00+0000,2021-03-15 08:14:00+0000,110,
2021-03-16,87,312,10,2021-03-16 00:46:00+0000,2021-03-16 08:13:00+0000,38,
2021-03-17,89,256,29,2021-03-17 00:14:00+0000,2021-03-17 07:07:00+0000,39,"[{\"start\":\"2019-04-14 00:33:23+0000\",\"end\":\"2019-04-14 00:33:50+0000\"}]"
2021-03-18,91,273,18,2021-03-18 00:15:00+0000,2021-03-18 07:26:00+0000,49,
2021-03-19,96,299,19,2021-03-19 00:30:00+0000,2021-03-19 08:15:00+0000,51,
2021-03-20,60,393,5,2021-03-20 00:15:00+0000,2021-03-20 08:30:00+0000,37,
2021-03-21,52,320,39,2021-03-21 01:08:00+0000,2021-03-21 08:54:00+0000,55,
2021-03-22,58,328,0,2021-03-22 00:07:00+0000,2021-03-22 07:17:00+0000,44,
2021-03-23,70,333,34,2021-03-22 23:52:00+0000,2021-03-23 07:39:00+0000,30,
2021-03-24,47,227,44,2021-03-24 00:37:00+0000,2021-03-24 07:41:00+0000,106,
2021-03-25,45,215,9,2021-03-25 00:25:00+0000,2021-03-25 05:54:00+0000,60,
2021-03-26,57,334,13,2021-03-26 00:47:00+0000,2021-03-26 08:55:00+0000,84,
2021-03-27,47,298,70,2021-03-26 23:54:00+0000,2021-03-27 08:36:00+0000,107,
2021-03-28,46,158,1,2021-03-28 02:00:00+0000,2021-03-28 06:08:00+0000,43,
2021-03-29,90,339,0,2021-03-28 23:30:00+0000,2021-03-29 07:07:00+0000,28,
2021-03-30,44,364,38,2021-03-29 23:07:00+0000,2021-03-30 07:44:00+0000,71,
2021-03-31,48,320,3,2021-03-30 23:08:00+0000,2021-03-31 05:48:00+0000,29,
2021-04-01,58,407,26,2021-03-31 23:01:00+0000,2021-04-01 08:09:00+0000,57,
2021-04-02,97,330,30,2021-04-01 23:11:00+0000,2021-04-02 07:24:00+0000,36,
2021-04-03,90,321,48,2021-04-02 23:18:00+0000,2021-04-03 07:26:00+0000,29,
2021-04-04,20,279,38,2021-04-03 23:00:00+0000,2021-04-04 06:49:00+0000,132,
2021-04-05,47,233,11,2021-04-04 23:41:00+0000,2021-04-05 05:19:00+0000,47,"[{\"start\":\"2019-04-14 00:32:34+0000\",\"end\":\"2019-04-14 00:33:03+0000\"},{\"start\":\"2019-04-14 00:33:04+0000\",\"end\":\"2019-04-14 00:33:04+0000\"},{\"start\":\"2019-04-14 00:33:05+0000\",\"end\":\"2019-04-14 00:33:12+0000\"}]"
2021-04-06,78,236,53,2021-04-06 00:14:00+0000,2021-04-06 07:48:00+0000,87,
2021-04-07,83,277,32,2021-04-06 23:59:00+0000,2021-04-07 07:39:00+0000,68,
2021-04-08,57,222,7,2021-04-07 23:41:00+0000,2021-04-08 06:12:00+0000,105,
2021-04-09,81,272,13,2021-04-08 23:46:00+0000,2021-04-09 06:25:00+0000,33,
2021-04-10,86,288,57,2021-04-09 23:39:00+0000,2021-04-10 08:05:00+0000,75,
2021-04-11,95,281,6,2021-04-10 23:16:00+0000,2021-04-11 07:23:00+0000,105,
2021-04-12,45,323,9,2021-04-11 23:47:00+0000,2021-04-12 07:09:00+0000,65,
2021-04-13,88,218,7,2021-04-12 23:18:00+0000,2021-04-13 06:09:00+0000,98,
2021-04-14,94,321,0,2021-04-13 23:11:00+0000,2021-04-14 07:00:00+0000,54,
2021-04-15,68,262,26,2021-04-14 23:11:00+0000,2021-04-15 06:42:00+0000,95,
2021-04-16,42,317,22,2021-04-15 23:48:00+0000,2021-04-16 06:55:00+0000,46,
2021-04-17,98,276,5,2021-04-16 23:16:00+0000,2021-04-17 07:07:00+0000,92,
2021-04-18,108,243,40,2021-04-18 00:22:00+0000,2021-04-18 08:02:00+0000,69,
2021-04-19,83,250,14,2021-04-18 23:46:00+0000,2021-04-19 06:15:00+0000,42,
2021-04-20,56,275,2,2021-04-20 00:11:00+0000,2021-04-20 06:35:00+0000,51,
2021-04-21,46,196,0,2021-04-21 00:09:00+0000,2021-04-21 05:37:00+0000,86,"[{\"start\":\"2019-04-14 00:33:18+0000\",\"end\":\"2019-04-14 00:33:45+0000\"}]"
2021-04-22,37,277,15,2021-04-21 23:28:00+0000,2021-04-22 06:52:00+0000,115,
2021-04-23,78,293,5,2021-04-22 23:37:00+0000,2021-04-23 07:43:00+0000,110,
2021-04-24,105,314,43,2021-04-23 23:30:00+0000,2021-04-24 08:10:00+0000,58,
2021-04-25,55,168,33,2021-04-25 01:26:00+0000,2021-04-25 06:50:00+0000,68,
2021-04-26,93,241,27,2021-04-25 23:38:00+0000,2021-04-26 07:01:00+0000,82,
2021-04-27,79,176,76,2021-04-26 23:27:00+0000,2021-04-27 07:06:00+0000,128,
2021-04-28,55,294,8,2021-04-27 23:12:00+0000,2021-04-28 07:08:00+0000,119,
2021-04-29,96,234,14,2021-04-28 23:33:00+0000,2021-04-29 06:29:00+0000,72,
2021-04-30,59,263,35,2021-04-29 23:18:00+0000,2021-04-30 07:31:00+0000,136,
2021-05-01,10,307,0,2021-04-30 23:47:00+0000,2021-05-01 07:18:00+0000,134,
2021-05-02,56,243,73,2021-05-01 23:57:00+0000,2021-05-02 08:23:00+0000,134,
2021-05-03,59,331,3,2021-05-02 23:32:00+0000,2021-05-03 07:34:00+0000,89,
2021-05-04,54,216,52,2021-05-03 23:23:00+0000,2021-05-04 06:28:00+0000,103,
2021-05-05,86,308,8,2021-05-04 23:37:00+0000,2021-05-05 07:07:00+0000,48,
2021-05-06,69,221,37,2021-05-05 23:35:00+0000,2021-05-06 07:06:00+0000,124,
2021-05-07,80,291,34,2021-05-06 23:05:00+0000,2021-05-07 06:34:00+0000,44,"[{\"start\":\"2019-04-14 00:38:10+0000\",\"end\":\"2019-04-14 00:38:28+0000\"}]"
2021-05-08,38,363,20,2021-05-07 23:42:00+0000,2021-05-08 08:14:00+0000,91,
2021-05-09,65,262,43,2021-05-08 23:37:00+0000,2021-05-09 07:38:00+0000,111,
2021-05-10,103,284,14,2021-05-09 23:18:00+0000,2021-05-10 06:53:00+0000,54,
2021-05-11,37,308,26,2021-05-10 23:01:00+0000,2021-05-11 07:36:00+0000,144,
2021-05-12,38,312,34,2021-05-11 23:00:00+0000,2021-05-12 07:51:00+0000,147,
2021-05-13,92,198,30,2021-05-12 23:22:00+0000,2021-05-13 06:06:00+0000,84,
2021-05-14,71,240,28,2021-05-14 00:02:00+0000,2021-05-14 07:01:00+0000,80,
2021-05-15,59,148,128,2021-05-14 23:23:00+0000,2021-05-15 06:20:00+0000,82,
2021-05-16,108,303,22,2021-05-15 23:14:00+0000,2021-05-16 07:48:00+0000,81,
2021-05-17,104,244,32,2021-05-16 23:15:00+0000,2021-05-17 07:09:00+0000,94,
2021-05-18,51,298,0,2021-05-17 23:23:00+0000,2021-05-18 05:57:00+0000,45,
2021-05-19,26,233,13,2021-05-18 23:32:00+0000,2021-05-19 05:02:00+0000,58,"[{\"start\":\"2019-04-14 00:32:12+0000\",\"end\":\"2019-04-14 00:32:31+0000\"},{\"start\":\"2019-04-14 00:32:32+0000\",\"end\":\"2019-04-14 00:32:32+0000\"},{\"start\":\"2019-04-14 00:32:33+0000\",\"end\":\"2019-04-14 00:32:41+0000\"},{\"start\":\"2019-04-14 00:32:42+0000\",\"end\":\"2019-04-14 00:32:46+0000\"},{\"start\":\"2019-04-14 00:32:47+0000\",\"end\":\"2019-04-14 00:33:10+0000\"}]"
2021-05-20,42,226,41,2021-05-19 23:19:00+0000,2021-05-20 06:29:00+0000,121,
2021-05-21,62,191,71,2021-05-20 23:57:00+0000,2021-05-21 06:49:00+0000,88,
2021-05-22,48,260,48,2021-05-22 00:19:00+0000,2021-05-22 08:05:00+0000,110,
2021-05-23,41,187,25,2021-05-22 23:54:00+0000,2021-05-23 05:45:00+0000,98,"[{\"start\":\"2019-04-14 00:33:17+0000\",\"end\":\"2019-04-14 00:33:34+0000\"}]"
2021-05-24,44,259,41,2021-05-23 23:07:00+0000,2021-05-24 07:01:00+0000,130,
2021-05-25,80,270,25,2021-05-24 23:17:00+0000,2021-05-25 07:55:00+0000,143,
2021-05-26,44,256,58,2021-05-25 23:50:00+0000,2021-05-26 08:04:00+0000,136,"[{\"start\":\"2019-04-14 00:38:59+0000\",\"end\":\"2019-04-14 00:39:29+0000\"}]"
2021-05-27,35,222,55,2021-05-26 23:50:00+0000,2021-05-27 07:00:00+0000,118,
2021-05-28,97,269,18,2021-05-27 23:41:00+0000,2021-05-28 07:22:00+0000,77,
2021-05-29,55,211,5,2021-05-28 23:27:00+0000,2021-05-29 05:20:00+0000,82,"[{\"start\":\"2019-04-14 00:32:44+0000\",\"end\":\"2019-04-14 00:33:12+0000\"},{\"start\":\"2019-04-14 00:33:13+0000\",\"end\":\"2019-04-14 00:33:13+0000\"},{\"start\":\"2019-04-14 00:33:14+0000\",\"end\":\"2019-04-14 00:33:28+0000\"}]"
2021-05-30,75,331,63,2021-05-29 23:14:00+0000,2021-05-30 08:06:00+0000,63,
2021-05-31,31,263,18,2021-05-30 23:33:00+0000,2021-05-31 06:11:00+0000,86,"[{\"start\":\"2019-04-14 00:33:18+0000\",\"end\":\"2019-04-14 00:33:49+0000\"}]"
2021-06-01,66,255,27,2021-05-31 23:41:00+0000,2021-06-01 06:40:00+0000,71,
2021-06-02,63,267,71,2021-06-01 23:07:00+0000,2021-06-02 08:19:00+0000,151,
2021-06-03,30,218,98,2021-06-02 23:16:00+0000,2021-06-03 06:54:00+0000,112,
2021-06-04,83,220,4,2021-06-03 23:59:00+0000,2021-06-04 06:30:00+0000,84,
2021-06-05,96,284,41,2021-06-04 23:19:00+0000,2021-06-05 07:20:00+0000,60,
2021-06-06,32,220,54,2021-06-05 23:55:00+0000,2021-06-06 06:54:00+0000,113,
2021-06-07,57,194,52,2021-06-06 23:58:00+0000,2021-06-07 06:53:00+0000,112,
2021-06-08,45,223,14,2021-06-07 23:25:00+0000,2021-06-08 05:05:00+0000,58,"[{\"start\":\"2019-04-14 00:32:15+0000\",\"end\":\"2019-04-14 00:33:02+0000\"}]"
2021-06-09,66,275,9,2021-06-08 22:44:00+0000,2021-06-09 06:25:00+0000,111,
2021-06-10,25,275,22,2021-06-09 23:28:00+0000,2021-06-10 07:01:00+0000,131,
2021-06-11,42,230,22,2021-06-10 22:59:00+0000,2021-06-11 05:54:00+0000,121,
2021-06-12,69,233,18,2021-06-11 23:42:00+0000,2021-06-12 06:29:00+0000,87,
2021-06-13,70,251,64,2021-06-12 23:01:00+0000,2021-06-13 07:23:00+0000,117,
2021-06-14,15,225,19,2021-06-13 23:34:00+0000,2021-06-14 05:32:00+0000,99,
2021-06-15,65,240,16,2021-06-14 23:01:00+0000,2021-06-15 06:11:00+0000,109,
2021-06-16,60,251,24,2021-06-15 23:09:00+0000,2021-06-16 06:49:00+0000,125,
2021-06-17,61,245,19,2021-06-16 23:38:00+0000,2021-06-17 06:38:00+0000,95,
2021-06-18,29,160,5,2021-06-18 00:44:00+0000,2021-06-18 05:07:00+0000,69,"[{\"start\":\"2019-04-14 00:32:14+0000\",\"end\":\"2019-04-14 00:32:29+0000\"},{\"start\":\"2019-04-14 00:32:30+0000\",\"end\":\"2019-04-14 00:32:30+0000\"},{\"start\":\"2019-04-14 00:32:31+0000\",\"end\":\"2019-04-14 00:32:58+0000\"}]"
2021-06-19,25,248,0,2021-06-19 00:08:00+0000,2021-06-19 07:11:00+0000,150,
2021-06-20,107,309,31,2021-06-19 23:53:00+0000,2021-06-20 08:21:00+0000,61,
2021-06-21,29,260,18,2021-06-20 22:49:00+0000,2021-06-21 06:00:00+0000,124,"[{\"start\":\"2019-04-14 00:37:29+0000\",\"end\":\"2019-04-14 00:38:37+0000\"}]"
2021-06-22,85,250,8,2021-06-21 23:02:00+0000,2021-06-22 06:00:00+0000,75,"[{\"start\":\"2019-04-14 00:33:19+0000\",\"end\":\"2019-04-14 00:33:43+0000\"}]"
2021-06-23,65,245,25,2021-06-22 23:02:00+0000,2021-06-23 06:35:00+0000,118,
2021-06-24,29,234,39,2021-06-23 23:07:00+0000,2021-06-24 05:58:00+0000,109,
2021-06-25,15,273,51,2021-06-24 23:18:00+0000,2021-06-25 07:02:00+0000,125,
2021-06-26,40,285,47,2021-06-25 23:10:00+0000,2021-06-26 07:04:00+0000,102,
2021-06-27,39,271,55,2021-06-26 23:21:00+0000,2021-06-27 07:31:00+0000,125,
2021-06-28,86,267,29,2021-06-27 23:05:00+0000,2021-06-28 06:36:00+0000,69,
2021-06-29,52,265,9,2021-06-28 23:29:00+0000,2021-06-29 06:53:00+0000,118,
2021-06-30,38,257,8,2021-06-29 23:17:00+0000,2021-06-30 06:05:00+0000,105,
2021-07-01,70,262,3,2021-06-30 23:30:00+0000,2021-07-01 06:52:00+0000,107,
2021-07-02,32,227,31,2021-07-01 23:42:00+0000,2021-07-02 05:51:00+0000,79,
2021-07-03,71,203,26,2021-07-02 23:34:00+0000,2021-07-03 06:01:00+0000,87,
2021-07-04,98,333,5,2021-07-03 23:01:00+0000,2021-07-04 07:10:00+0000,53,
2021-07-05,15,259,42,2021-07-04 23:20:00+0000,2021-07-05 06:38:00+0000,122,
2021-07-06,55,218,11,2021-07-06 00:06:00+0000,2021-07-06 06:34:00+0000,104,
2021-07-07,55,195,91,2021-07-06 23:14:00+0000,2021-07-07 07:06:00+0000,131,
2021-07-08,51,181,24,2021-07-07 23:15:00+0000,2021-07-08 05:15:00+0000,104,
2021-07-09,57,205,11,2021-07-09 00:00:00+0000,2021-07-09 05:28:00+0000,55,
2021-07-10,40,255,75,2021-07-09 23:03:00+0000,2021-07-10 07:37:00+0000,144,
2021-07-11,67,284,55,2021-07-10 21:06:00+0000,2021-07-11 06:25:00+0000,153,
2021-07-12,66,259,34,2021-07-11 23:43:00+0000,2021-07-12 06:39:00+0000,57,
2021-07-13,38,252,19,2021-07-13 00:25:00+0000,2021-07-13 07:33:00+0000,119,
2021-07-14,30,267,3,2021-07-13 23:16:00+0000,2021-07-14 05:47:00+0000,91,
2021-07-15,59,264,10,2021-07-14 23:50:00+0000,2021-07-15 06:45:00+0000,82,
2021-07-16,22,263,2,2021-07-15 23:11:00+0000,2021-07-16 05:45:00+0000,107,
2021-07-17,15,235,53,2021-07-16 22:49:00+0000,2021-07-17 05:59:00+0000,127,
2021-07-18,60,252,11,2021-07-18 00:15:00+0000,2021-07-18 06:42:00+0000,64,
2021-07-19,7,312,0,2021-07-18 22:51:00+0000,2021-07-19 06:39:00+0000,149,
2021-07-20,14,298,0,2021-07-19 23:43:00+0000,2021-07-20 06:55:00+0000,120,
2021-07-21,11,185,40,2021-07-20 23:08:00+0000,2021-07-21 04:37:00+0000,93,
2021-07-22,63,205,48,2021-07-21 23:20:00+0000,2021-07-22 06:35:00+0000,119,"[{\"start\":\"2019-04-14 00:18:28+0000\",\"end\":\"2019-04-14 00:19:11+0000\"}]"
2021-07-23,24,229,15,2021-07-22 23:11:00+0000,2021-07-23 05:23:00+0000,104,"[{\"start\":\"2019-04-14 00:32:28+0000\",\"end\":\"2019-04-14 00:32:43+0000\"},{\"start\":\"2019-04-14 00:32:44+0000\",\"end\":\"2019-04-14 00:32:45+0000\"},{\"start\":\"2019-04-14 00:32:46+0000\",\"end\":\"2019-04-14 00:33:06+0000\"},{\"start\":\"2019-04-14 00:33:07+0000\",\"end\":\"2019-04-14 00:33:14+0000\"},{\"start\":\"2019-04-14 00:33:15+0000\",\"end\":\"2019-04-14 00:33:17+0000\"}]"
2021-07-24,79,255,9,2021-07-23 23:07:00+0000,2021-07-24 06:48:00+0000,118,
2021-07-25,34,247,115,2021-07-24 22:55:00+0000,2021-07-25 08:01:00+0000,150,
2021-07-26,73,216,24,2021-07-25 23:18:00+0000,2021-07-26 06:27:00+0000,116,
2021-07-27,0,0,0,2021-07-25 22:00:00+0000,2021-07-25 22:00:00+0000,0,
2021-07-28,40,248,13,2021-07-27 23:10:00+0000,2021-07-28 05:34:00+0000,83,"[{\"start\":\"2019-04-14 00:33:14+0000\",\"end\":\"2019-04-14 00:33:44+0000\"},{\"start\":\"2019-04-14 00:33:45+0000\",\"end\":\"2019-04-14 00:33:49+0000\"},{\"start\":\"2019-04-14 00:33:50+0000\",\"end\":\"2019-04-14 00:34:04+0000\"}]"
2021-07-29,48,251,47,2021-07-28 22:03:00+0000,2021-07-29 06:10:00+0000,141,
2021-07-30,25,300,8,2021-07-29 23:31:00+0000,2021-07-30 05:25:00+0000,21,
2021-07-31,24,133,4,2021-07-31 02:23:00+0000,2021-07-31 05:54:00+0000,50,
2021-08-01,81,221,41,2021-07-31 23:11:00+0000,2021-08-01 07:09:00+0000,135,
2021-08-02,66,252,43,2021-08-01 22:55:00+0000,2021-08-02 06:36:00+0000,100,
2021-08-03,0,0,0,2021-08-01 22:00:00+0000,2021-08-01 22:00:00+0000,0,
2021-08-04,99,215,73,2021-08-03 23:18:00+0000,2021-08-04 07:15:00+0000,90,
2021-08-05,78,231,2,2021-08-04 23:18:00+0000,2021-08-05 06:32:00+0000,123,
2021-08-06,38,251,24,2021-08-05 23:09:00+0000,2021-08-06 06:29:00+0000,127,
2021-08-07,34,198,29,2021-08-07 00:15:00+0000,2021-08-07 06:15:00+0000,99,"[{\"start\":\"2019-04-14 00:33:30+0000\",\"end\":\"2019-04-14 00:34:00+0000\"},{\"start\":\"2019-04-14 00:34:01+0000\",\"end\":\"2019-04-14 00:34:06+0000\"},{\"start\":\"2019-04-14 00:34:07+0000\",\"end\":\"2019-04-14 00:34:20+0000\"}]"
2021-08-08,23,244,2,2021-08-07 23:19:00+0000,2021-08-08 05:41:00+0000,113,"[{\"start\":\"2019-04-14 00:33:06+0000\",\"end\":\"2019-04-14 00:33:23+0000\"},{\"start\":\"2019-04-14 00:33:24+0000\",\"end\":\"2019-04-14 00:33:24+0000\"},{\"start\":\"2019-04-14 00:33:25+0000\",\"end\":\"2019-04-14 00:34:00+0000\"}]"
2021-08-09,24,270,4,2021-08-08 23:39:00+0000,2021-08-09 06:24:00+0000,107,
2021-08-10,23,283,13,2021-08-09 23:01:00+0000,2021-08-10 06:22:00+0000,122,
2021-08-11,79,221,55,2021-08-10 22:53:00+0000,2021-08-11 07:00:00+0000,132,
2021-08-12,29,258,46,2021-08-11 23:04:00+0000,2021-08-12 06:59:00+0000,142,
2021-08-13,73,295,24,2021-08-12 23:28:00+0000,2021-08-13 06:56:00+0000,56,
2021-08-14,30,263,75,2021-08-13 23:20:00+0000,2021-08-14 07:50:00+0000,142,"[{\"start\":\"2019-04-14 00:36:38+0000\",\"end\":\"2019-04-14 00:37:20+0000\"}]"
2021-08-15,14,315,6,2021-08-14 23:52:00+0000,2021-08-15 07:36:00+0000,129,
2021-08-16,27,227,1,2021-08-16 00:24:00+0000,2021-08-16 05:10:00+0000,31,
2021-08-17,86,216,33,2021-08-16 23:09:00+0000,2021-08-17 05:59:00+0000,75,
2021-08-18,63,265,22,2021-08-18 00:42:00+0000,2021-08-18 07:01:00+0000,29,
2021-08-19,24,242,49,2021-08-18 22:51:00+0000,2021-08-19 06:12:00+0000,126,
2021-08-20,81,264,13,2021-08-19 23:00:00+0000,2021-08-20 05:58:00+0000,60,
2021-08-21,56,362,79,2021-08-20 22:59:00+0000,2021-08-21 07:59:00+0000,43,
2021-08-22,47,233,1,2021-08-21 22:59:00+0000,2021-08-22 05:16:00+0000,96,
2021-08-23,59,354,31,2021-08-22 22:54:00+0000,2021-08-23 06:56:00+0000,38,
2021-08-24,67,294,23,2021-08-23 23:20:00+0000,2021-08-24 06:58:00+0000,74,
2021-08-25,74,242,20,2021-08-24 23:06:00+0000,2021-08-25 05:29:00+0000,47,
2021-08-26,34,278,8,2021-08-25 22:56:00+0000,2021-08-26 04:53:00+0000,37,"[{\"start\":\"2019-04-14 00:32:09+0000\",\"end\":\"2019-04-14 00:32:46+0000\"},{\"start\":\"2019-04-14 00:32:47+0000\",\"end\":\"2019-04-14 00:33:01+0000\"},{\"start\":\"2019-04-14 00:33:02+0000\",\"end\":\"2019-04-14 00:33:23+0000\"}]"
2021-08-27,42,203,4,2021-08-26 22:56:00+0000,2021-08-27 04:21:00+0000,76,
2021-08-28,65,314,11,2021-08-27 23:34:00+0000,2021-08-28 07:24:00+0000,80,
2021-08-29,76,284,76,2021-08-28 23:48:00+0000,2021-08-29 08:47:00+0000,103,
2021-08-30,48,190,0,2021-08-29 23:45:00+0000,2021-08-30 05:12:00+0000,89,
2021-08-31,58,248,34,2021-08-30 23:57:00+0000,2021-08-31 06:53:00+0000,76,
2021-09-01,14,203,86,2021-08-31 23:21:00+0000,2021-09-01 06:10:00+0000,106,
2021-09-02,32,188,70,2021-09-01 23:25:00+0000,2021-09-02 06:16:00+0000,121,
2021-09-03,96,247,5,2021-09-02 23:15:00+0000,2021-09-03 06:51:00+0000,108,
2021-09-04,130,250,93,2021-09-03 21:54:00+0000,2021-09-04 07:11:00+0000,84,
2021-09-05,54,251,14,2021-09-04 23:26:00+0000,2021-09-05 06:49:00+0000,124,
2021-09-06,82,202,20,2021-09-05 22:46:00+0000,2021-09-06 04:27:00+0000,37,"[{\"start\":\"2019-04-14 00:32:21+0000\",\"end\":\"2019-04-14 00:32:45+0000\"}]"
2021-09-07,21,204,13,2021-09-06 23:25:00+0000,2021-09-07 04:58:00+0000,95,"[{\"start\":\"2019-04-14 00:32:03+0000\",\"end\":\"2019-04-14 00:32:48+0000\"}]"
2021-09-08,73,266,18,2021-09-07 23:44:00+0000,2021-09-08 07:33:00+0000,112,
2021-09-09,90,279,14,2021-09-09 00:55:00+0000,2021-09-09 08:00:00+0000,42,
2021-09-10,81,237,72,2021-09-09 23:09:00+0000,2021-09-10 07:31:00+0000,112,
2021-09-11,41,283,33,2021-09-11 00:39:00+0000,2021-09-11 07:28:00+0000,52,
2021-09-12,84,240,42,2021-09-11 23:36:00+0000,2021-09-12 07:05:00+0000,83,
2021-09-13,15,124,15,2021-09-13 03:13:00+0000,2021-09-13 06:13:00+0000,26,
2021-09-14,87,326,22,2021-09-13 22:20:00+0000,2021-09-14 07:31:00+0000,116,
2021-09-15,62,224,2,2021-09-14 22:29:00+0000,2021-09-15 05:03:00+0000,106,
2021-09-16,96,289,79,2021-09-15 22:35:00+0000,2021-09-16 07:25:00+0000,66,
2021-09-17,70,224,53,2021-09-16 23:40:00+0000,2021-09-17 07:48:00+0000,141,
2021-09-18,93,275,0,2021-09-17 23:22:00+0000,2021-09-18 06:11:00+0000,41,
2021-09-19,89,288,42,2021-09-19 00:08:00+0000,2021-09-19 07:50:00+0000,43,
2021-09-20,98,254,8,2021-09-19 22:53:00+0000,2021-09-20 06:33:00+0000,100,
2021-09-21,82,216,21,2021-09-20 23:15:00+0000,2021-09-21 06:20:00+0000,106,
2021-09-22,51,251,24,2021-09-21 23:32:00+0000,2021-09-22 07:01:00+0000,123,
2021-09-23,62,248,43,2021-09-22 23:28:00+0000,2021-09-23 07:19:00+0000,118,
2021-09-24,105,297,21,2021-09-24 00:00:00+0000,2021-09-24 07:35:00+0000,32,
2021-09-25,44,236,5,2021-09-25 01:02:00+0000,2021-09-25 06:24:00+0000,37,"[{\"start\":\"2019-04-14 00:34:01+0000\",\"end\":\"2019-04-14 00:34:31+0000\"},{\"start\":\"2019-04-14 00:34:32+0000\",\"end\":\"2019-04-14 00:34:32+0000\"},{\"start\":\"2019-04-14 00:34:33+0000\",\"end\":\"2019-04-14 00:34:55+0000\"},{\"start\":\"2019-04-14 00:34:56+0000\",\"end\":\"2019-04-14 00:35:08+0000\"},{\"start\":\"2019-04-14 00:35:09+0000\",\"end\":\"2019-04-14 00:35:15+0000\"}]"
2021-09-26,48,323,43,2021-09-25 22:54:00+0000,2021-09-26 08:07:00+0000,139,
2021-09-27,48,269,11,2021-09-26 23:47:00+0000,2021-09-27 07:24:00+0000,129,"[{\"start\":\"2019-04-14 00:36:10+0000\",\"end\":\"2019-04-14 00:38:36+0000\"}]"
2021-09-28,88,250,52,2021-09-27 23:18:00+0000,2021-09-28 06:09:00+0000,21,
2021-09-29,50,305,23,2021-09-28 22:54:00+0000,2021-09-29 06:28:00+0000,76,
2021-09-30,66,365,25,2021-09-29 23:23:00+0000,2021-09-30 07:50:00+0000,51,
2021-10-01,73,228,69,2021-09-30 22:56:00+0000,2021-10-01 06:58:00+0000,112,
2021-10-02,52,241,73,2021-10-01 23:40:00+0000,2021-10-02 06:52:00+0000,66,
2021-10-03,60,383,5,2021-10-02 23:05:00+0000,2021-10-03 07:41:00+0000,68,
2021-10-04,92,184,46,2021-10-03 23:33:00+0000,2021-10-04 07:05:00+0000,130,
2021-10-05,49,310,5,2021-10-04 23:30:00+0000,2021-10-05 06:35:00+0000,61,
2021-10-06,29,285,26,2021-10-05 23:04:00+0000,2021-10-06 06:50:00+0000,126,
2021-10-07,61,283,21,2021-10-06 23:45:00+0000,2021-10-07 06:53:00+0000,63,
2021-10-08,53,258,46,2021-10-07 23:35:00+0000,2021-10-08 06:53:00+0000,81,
2021-10-09,80,245,37,2021-10-08 23:15:00+0000,2021-10-09 07:26:00+0000,129,
2021-10-10,65,323,24,2021-10-09 23:07:00+0000,2021-10-10 07:11:00+0000,72,
2021-10-11,71,196,3,2021-10-11 00:06:00+0000,2021-10-11 05:33:00+0000,57,
2021-10-12,90,238,7,2021-10-11 23:30:00+0000,2021-10-12 06:20:00+0000,75,
2021-10-13,32,222,46,2021-10-13 00:01:00+0000,2021-10-13 06:52:00+0000,111,
2021-10-14,36,226,27,2021-10-14 00:04:00+0000,2021-10-14 06:42:00+0000,109,
2021-10-15,60,330,12,2021-10-14 23:21:00+0000,2021-10-15 07:14:00+0000,71,
2021-10-16,73,306,19,2021-10-15 23:45:00+0000,2021-10-16 07:42:00+0000,79,
2021-10-17,82,348,10,2021-10-16 22:55:00+0000,2021-10-17 07:13:00+0000,58,
2021-10-18,91,249,9,2021-10-17 23:18:00+0000,2021-10-18 07:00:00+0000,113,
2021-10-19,29,298,46,2021-10-18 23:16:00+0000,2021-10-19 07:50:00+0000,141,
2021-10-20,74,254,4,2021-10-19 23:33:00+0000,2021-10-20 06:32:00+0000,87,
2021-10-21,88,216,203,2021-10-20 19:25:00+0000,2021-10-21 07:01:00+0000,189,
2021-10-22,47,150,39,2021-10-22 00:59:00+0000,2021-10-22 06:29:00+0000,94,
2021-10-23,83,248,0,2021-10-23 00:03:00+0000,2021-10-23 06:26:00+0000,52,
2021-10-24,87,212,6,2021-10-23 23:51:00+0000,2021-10-24 05:55:00+0000,59,
2021-10-25,99,214,29,2021-10-24 23:04:00+0000,2021-10-25 06:38:00+0000,112,
2021-10-26,99,307,28,2021-10-25 22:43:00+0000,2021-10-26 07:00:00+0000,63,
2021-10-27,28,224,44,2021-10-27 00:05:00+0000,2021-10-27 07:00:00+0000,119,
2021-10-28,101,313,11,2021-10-27 23:38:00+0000,2021-10-28 07:45:00+0000,62,
2021-10-29,53,298,34,2021-10-28 23:40:00+0000,2021-10-29 06:50:00+0000,45,
2021-10-30,82,229,51,2021-10-30 00:21:00+0000,2021-10-30 08:06:00+0000,103,
2021-10-31,49,389,13,2021-10-30 23:36:00+0000,2021-10-31 07:55:00+0000,48,
2021-11-01,88,254,6,2021-11-01 00:45:00+0000,2021-11-01 08:24:00+0000,111,
2021-11-02,59,271,38,2021-11-02 00:22:00+0000,2021-11-02 08:05:00+0000,95,
2021-11-03,61,228,1,2021-11-03 00:14:00+0000,2021-11-03 06:36:00+0000,92,
2021-11-04,73,298,8,2021-11-04 00:49:00+0000,2021-11-04 07:53:00+0000,45,
2021-11-05,79,356,0,2021-11-05 00:06:00+0000,2021-11-05 08:01:00+0000,40,
2021-11-06,78,212,45,2021-11-06 00:29:00+0000,2021-11-06 08:09:00+0000,125,
2021-11-07,69,255,31,2021-11-07 01:59:00+0000,2021-11-07 08:45:00+0000,51,
2021-11-08,109,250,11,2021-11-08 00:16:00+0000,2021-11-08 08:13:00+0000,107,
2021-11-09,30,176,32,2021-11-09 01:34:00+0000,2021-11-09 06:53:00+0000,81,"[{\"start\":\"2019-04-14 00:33:00+0000\",\"end\":\"2019-04-14 00:33:30+0000\"}]"
2021-11-10,52,242,0,2021-11-10 01:16:00+0000,2021-11-10 08:08:00+0000,118,
2021-11-11,15,168,58,2021-11-11 01:24:00+0000,2021-11-11 06:58:00+0000,93,"[{\"start\":\"2019-04-14 00:33:10+0000\",\"end\":\"2019-04-14 00:33:32+0000\"},{\"start\":\"2019-04-14 00:33:33+0000\",\"end\":\"2019-04-14 00:33:39+0000\"},{\"start\":\"2019-04-14 00:33:40+0000\",\"end\":\"2019-04-14 00:33:48+0000\"},{\"start\":\"2019-04-14 00:33:49+0000\",\"end\":\"2019-04-14 00:33:49+0000\"},{\"start\":\"2019-04-14 00:33:50+0000\",\"end\":\"2019-04-14 00:34:08+0000\"}]"
2021-11-12,47,324,5,2021-11-12 00:32:00+0000,2021-11-12 07:21:00+0000,33,
2021-11-13,59,240,0,2021-11-13 03:46:00+0000,2021-11-13 09:04:00+0000,19,
2021-11-14,65,242,0,2021-11-14 01:20:00+0000,2021-11-14 07:00:00+0000,33,"[{\"start\":\"2019-04-14 00:33:40+0000\",\"end\":\"2019-04-14 00:34:32+0000\"}]"
2021-11-15,48,209,20,2021-11-15 00:59:00+0000,2021-11-15 06:27:00+0000,51,
2021-11-16,33,285,53,2021-11-16 00:58:00+0000,2021-11-16 08:52:00+0000,103,
2021-11-17,67,274,19,2021-11-17 00:29:00+0000,2021-11-17 07:56:00+0000,87,
2021-11-18,69,242,28,2021-11-18 00:56:00+0000,2021-11-18 07:31:00+0000,56,
2021-11-19,66,282,20,2021-11-19 00:24:00+0000,2021-11-19 07:48:00+0000,76,
2021-11-20,50,329,8,2021-11-20 00:31:00+0000,2021-11-20 07:54:00+0000,56,
2021-11-21,104,201,8,2021-11-21 01:02:00+0000,2021-11-21 07:12:00+0000,57,"[{\"start\":\"2019-04-14 00:41:34+0000\",\"end\":\"2019-04-14 00:42:27+0000\"}]"
2021-11-22,47,310,27,2021-11-22 00:11:00+0000,2021-11-22 07:02:00+0000,27,
2021-11-23,72,181,39,2021-11-23 00:57:00+0000,2021-11-23 07:11:00+0000,82,
2021-11-24,29,208,1,2021-11-24 01:11:00+0000,2021-11-24 06:42:00+0000,93,
2021-11-25,92,273,1,2021-11-25 00:23:00+0000,2021-11-25 07:25:00+0000,56,
2021-11-26,79,189,8,2021-11-26 01:00:00+0000,2021-11-26 07:23:00+0000,107,
2021-11-27,37,233,47,2021-11-27 00:05:00+0000,2021-11-27 07:25:00+0000,123,
2021-11-28,62,267,48,2021-11-28 00:32:00+0000,2021-11-28 08:54:00+0000,125,
2021-11-29,10,252,0,2021-11-29 00:34:00+0000,2021-11-29 06:37:00+0000,101,
2021-11-30,53,251,4,2021-11-30 00:08:00+0000,2021-11-30 07:11:00+0000,115,
2021-12-01,49,237,27,2021-12-01 00:28:00+0000,2021-12-01 07:42:00+0000,121,
2021-12-02,56,216,20,2021-12-02 00:50:00+0000,2021-12-02 07:40:00+0000,118,
2021-12-03,76,295,0,2021-12-03 00:47:00+0000,2021-12-03 08:17:00+0000,79,
2021-12-04,37,305,3,2021-12-04 00:34:00+0000,2021-12-04 08:00:00+0000,101,
2021-12-05,52,199,6,2021-12-05 04:36:00+0000,2021-12-05 09:43:00+0000,50,
2021-12-06,99,277,20,2021-12-06 00:42:00+0000,2021-12-06 08:44:00+0000,86,
2021-12-07,58,282,9,2021-12-07 01:22:00+0000,2021-12-07 09:11:00+0000,120,
2021-12-08,55,231,0,2021-12-08 02:02:00+0000,2021-12-08 07:47:00+0000,59,
2021-12-09,51,237,36,2021-12-09 01:10:00+0000,2021-12-09 08:16:00+0000,102,
2021-12-10,62,177,6,2021-12-10 00:33:00+0000,2021-12-10 05:44:00+0000,66,
2021-12-11,52,362,0,2021-12-11 00:15:00+0000,2021-12-11 08:01:00+0000,52,
2021-12-12,34,346,25,2021-12-11 23:43:00+0000,2021-12-12 07:45:00+0000,77,
2021-12-13,69,203,16,2021-12-13 01:09:00+0000,2021-12-13 06:41:00+0000,44,
2021-12-14,26,311,18,2021-12-13 23:44:00+0000,2021-12-14 07:51:00+0000,132,
2021-12-15,42,355,8,2021-12-15 00:26:00+0000,2021-12-15 08:29:00+0000,78,
2021-12-16,55,149,14,2021-12-16 00:13:00+0000,2021-12-16 04:52:00+0000,61,
2021-12-17,27,190,76,2021-12-17 00:43:00+0000,2021-12-17 07:34:00+0000,118,
2021-12-18,58,259,3,2021-12-18 03:10:00+0000,2021-12-18 09:15:00+0000,45,
2021-12-19,93,347,1,2021-12-19 00:51:00+0000,2021-12-19 09:29:00+0000,77,
2021-12-20,55,303,1,2021-12-20 01:02:00+0000,2021-12-20 07:27:00+0000,26,
2021-12-21,86,291,10,2021-12-21 00:22:00+0000,2021-12-21 07:20:00+0000,31,
2021-12-22,49,231,14,2021-12-22 00:48:00+0000,2021-12-22 07:35:00+0000,113,
2021-12-23,94,199,33,2021-12-23 00:51:00+0000,2021-12-23 08:03:00+0000,106,
2021-12-24,102,210,44,2021-12-24 00:13:00+0000,2021-12-24 08:20:00+0000,131,
2021-12-25,86,261,14,2021-12-25 01:22:00+0000,2021-12-25 09:10:00+0000,107,
2021-12-26,94,238,13,2021-12-26 00:53:00+0000,2021-12-26 08:12:00+0000,94,
2021-12-27,80,233,56,2021-12-27 00:18:00+0000,2021-12-27 07:51:00+0000,84,
2021-12-28,63,246,5,2021-12-28 00:44:00+0000,2021-12-28 07:49:00+0000,111,
2021-12-29,64,222,66,2021-12-28 23:46:00+0000,2021-12-29 07:50:00+0000,132,
2021-12-30,13,264,54,2021-12-30 00:51:00+0000,2021-12-30 08:17:00+0000,115,
2021-12-31,57,248,4,2021-12-31 00:44:00+0000,2021-12-31 07:14:00+0000,81,
2022-01-01,83,255,56,2022-01-01 01:37:00+0000,2022-01-01 10:30:00+0000,139,
2022-01-02,56,448,0,2022-01-02 00:32:00+0000,2022-01-02 09:42:00+0000,46,
2022-01-03,45,273,10,2022-01-03 00:16:00+0000,2022-01-03 07:00:00+0000,76,
2022-01-04,69,291,38,2022-01-04 00:21:00+0000,2022-01-04 08:29:00+0000,90,
2022-01-05,47,311,20,2022-01-04 23:40:00+0000,2022-01-05 07:01:00+0000,63,
2022-01-06,70,335,26,2022-01-06 00:00:00+0000,2022-01-06 09:14:00+0000,123,
2022-01-07,44,276,20,2022-01-07 00:50:00+0000,2022-01-07 08:31:00+0000,121,
2022-01-08,49,261,40,2022-01-08 00:13:00+0000,2022-01-08 07:20:00+0000,77,
2022-01-09,57,296,36,2022-01-09 00:20:00+0000,2022-01-09 08:30:00+0000,101,
2022-01-10,90,222,38,2022-01-10 00:30:00+0000,2022-01-10 07:51:00+0000,91,
2022-01-11,95,314,3,2022-01-11 00:27:00+0000,2022-01-11 08:29:00+0000,70,
2022-01-12,23,219,68,2022-01-12 00:34:00+0000,2022-01-12 07:26:00+0000,102,
2022-01-13,90,312,55,2022-01-12 23:57:00+0000,2022-01-13 08:12:00+0000,38,
2022-01-14,75,228,9,2022-01-14 00:42:00+0000,2022-01-14 06:49:00+0000,55,
2022-01-15,95,281,0,2022-01-15 01:18:00+0000,2022-01-15 09:05:00+0000,91,
2022-01-16,61,376,2,2022-01-16 00:26:00+0000,2022-01-16 08:32:00+0000,47,
2022-01-17,46,280,8,2022-01-17 00:58:00+0000,2022-01-17 06:59:00+0000,27,
2022-01-18,57,296,18,2022-01-17 23:49:00+0000,2022-01-18 07:51:00+0000,111,
2022-01-19,83,218,4,2022-01-18 23:58:00+0000,2022-01-19 06:38:00+0000,95,
2022-01-20,92,321,9,2022-01-20 00:06:00+0000,2022-01-20 08:10:00+0000,62,
2022-01-21,86,238,40,2022-01-21 00:53:00+0000,2022-01-21 08:38:00+0000,101,
2022-01-22,49,408,5,2022-01-22 00:16:00+0000,2022-01-22 08:33:00+0000,35,
2022-01-23,19,228,87,2022-01-23 01:16:00+0000,2022-01-23 08:57:00+0000,127,
2022-01-24,65,325,21,2022-01-24 00:30:00+0000,2022-01-24 07:51:00+0000,30,
2022-01-25,86,302,28,2022-01-24 23:45:00+0000,2022-01-25 08:39:00+0000,118,
2022-01-26,57,292,2,2022-01-26 00:33:00+0000,2022-01-26 07:15:00+0000,51,
2022-01-27,37,298,3,2022-01-27 00:37:00+0000,2022-01-27 07:27:00+0000,72,
2022-01-28,52,297,16,2022-01-27 23:56:00+0000,2022-01-28 07:01:00+0000,60,
2022-01-29,78,253,3,2022-01-29 00:52:00+0000,2022-01-29 07:30:00+0000,64,
2022-01-30,49,305,19,2022-01-30 00:47:00+0000,2022-01-30 08:22:00+0000,82,
2022-01-31,63,331,7,2022-01-31 00:44:00+0000,2022-01-31 08:36:00+0000,71,
2022-02-01,77,290,15,2022-02-01 01:14:00+0000,2022-02-01 08:16:00+0000,40,
2022-02-02,62,293,3,2022-02-02 00:32:00+0000,2022-02-02 08:21:00+0000,111,
2022-02-03,23,253,2,2022-02-03 01:08:00+0000,2022-02-03 07:25:00+0000,99,
2022-02-04,69,339,27,2022-02-04 00:20:00+0000,2022-02-04 08:43:00+0000,68,
2022-02-05,87,314,3,2022-02-05 00:32:00+0000,2022-02-05 08:22:00+0000,66,
2022-02-06,79,288,27,2022-02-05 23:51:00+0000,2022-02-06 08:16:00+0000,111,
2022-02-07,32,249,0,2022-02-07 02:29:00+0000,2022-02-07 07:26:00+0000,16,
2022-02-08,66,404,0,2022-02-08 00:09:00+0000,2022-02-08 08:47:00+0000,48,
2022-02-09,38,210,1,2022-02-09 02:42:00+0000,2022-02-09 08:02:00+0000,71,
2022-02-10,113,333,11,2022-02-10 00:15:00+0000,2022-02-10 08:56:00+0000,64,
2022-02-11,78,268,24,2022-02-11 00:16:00+0000,2022-02-11 07:55:00+0000,89,
2022-02-12,0,0,0,2022-02-10 23:00:00+0000,2022-02-10 23:00:00+0000,0,
2022-02-13,0,0,0,2022-02-11 23:00:00+0000,2022-02-11 23:00:00+0000,0,
2022-02-14,0,0,0,2022-02-12 23:00:00+0000,2022-02-12 23:00:00+0000,0,
2022-02-15,67,224,21,2022-02-15 01:14:00+0000,2022-02-15 08:23:00+0000,117,
2022-02-16,80,292,5,2022-02-15 23:55:00+0000,2022-02-16 06:46:00+0000,34,
2022-02-17,75,340,8,2022-02-16 23:54:00+0000,2022-02-17 08:18:00+0000,81,
2022-02-18,70,239,35,2022-02-17 23:54:00+0000,2022-02-18 07:29:00+0000,111,
2022-02-19,78,277,0,2022-02-19 00:50:00+0000,2022-02-19 08:01:00+0000,76,
2022-02-20,89,308,1,2022-02-20 02:23:00+0000,2022-02-20 09:43:00+0000,42,
2022-02-21,71,258,19,2022-02-21 00:20:00+0000,2022-02-21 08:21:00+0000,133,
2022-02-22,90,274,22,2022-02-22 00:42:00+0000,2022-02-22 08:51:00+0000,103,
2022-02-23,80,325,22,2022-02-23 00:10:00+0000,2022-02-23 08:26:00+0000,69,
2022-02-24,63,357,0,2022-02-24 00:10:00+0000,2022-02-24 08:30:00+0000,80,
2022-02-25,84,283,24,2022-02-24 23:59:00+0000,2022-02-25 08:11:00+0000,101,
2022-02-26,48,380,16,2022-02-26 00:13:00+0000,2022-02-26 09:07:00+0000,90,
2022-02-27,46,392,8,2022-02-27 00:09:00+0000,2022-02-27 08:46:00+0000,71,
2022-02-28,99,274,37,2022-02-28 00:32:00+0000,2022-02-28 08:33:00+0000,71,
2022-03-01,36,303,3,2022-03-01 00:43:00+0000,2022-03-01 08:26:00+0000,121,
2022-03-02,63,353,3,2022-03-02 00:48:00+0000,2022-03-02 08:25:00+0000,38,
2022-03-03,72,353,5,2022-03-03 00:35:00+0000,2022-03-03 08:50:00+0000,65,
2022-03-04,45,221,56,2022-03-04 00:51:00+0000,2022-03-04 08:21:00+0000,128,
2022-03-05,71,273,0,2022-03-05 00:22:00+0000,2022-03-05 07:12:00+0000,66,
2022-03-06,41,287,1,2022-03-06 01:30:00+0000,2022-03-06 08:55:00+0000,116,
2022-03-07,87,205,9,2022-03-07 00:58:00+0000,2022-03-07 07:41:00+0000,102,
2022-03-08,74,309,5,2022-03-08 01:04:00+0000,2022-03-08 08:30:00+0000,58,
2022-03-09,87,291,10,2022-03-09 01:21:00+0000,2022-03-09 08:17:00+0000,28,
2022-03-10,72,229,44,2022-03-10 00:26:00+0000,2022-03-10 08:07:00+0000,116,
2022-03-11,103,328,14,2022-03-11 00:34:00+0000,2022-03-11 08:29:00+0000,30,
2022-03-12,94,331,32,2022-03-12 00:11:00+0000,2022-03-12 08:30:00+0000,42,
2022-03-13,91,252,40,2022-03-13 00:59:00+0000,2022-03-13 09:15:00+0000,113,
2022-03-14,95,358,9,2022-03-14 00:08:00+0000,2022-03-14 08:12:00+0000,22,
2022-03-15,90,302,3,2022-03-15 00:33:00+0000,2022-03-15 07:53:00+0000,45,
2022-03-16,71,334,0,2022-03-16 00:19:00+0000,2022-03-16 07:48:00+0000,44,
2022-03-17,78,195,1,2022-03-17 00:55:00+0000,2022-03-17 07:01:00+0000,92,
2022-03-18,95,313,8,2022-03-18 00:35:00+0000,2022-03-18 08:21:00+0000,50,
2022-03-19,58,308,5,2022-03-18 23:33:00+0000,2022-03-19 07:47:00+0000,123,
2022-03-20,87,379,1,2022-03-19 23:41:00+0000,2022-03-20 08:00:00+0000,32,
2022-03-21,34,234,46,2022-03-21 00:06:00+0000,2022-03-21 07:16:00+0000,116,
2022-03-22,65,307,54,2022-03-22 00:05:00+0000,2022-03-22 07:52:00+0000,41,
2022-03-23,71,220,26,2022-03-23 00:01:00+0000,2022-03-23 07:10:00+0000,112,
2022-03-24,27,267,6,2022-03-24 01:53:00+0000,2022-03-24 08:00:00+0000,67,
2022-03-25,32,229,40,2022-03-25 00:26:00+0000,2022-03-25 07:11:00+0000,104,
2022-03-26,96,249,4,2022-03-25 23:53:00+0000,2022-03-26 07:36:00+0000,114,
2022-03-27,46,260,1,2022-03-27 02:03:00+0000,2022-03-27 07:37:00+0000,27,
2022-03-28,65,339,2,2022-03-27 22:36:00+0000,2022-03-28 06:31:00+0000,69,
2022-03-29,70,289,1,2022-03-29 00:34:00+0000,2022-03-29 06:56:00+0000,22,
2022-03-30,63,360,0,2022-03-29 22:21:00+0000,2022-03-30 06:09:00+0000,45,
2022-03-31,65,311,3,2022-03-31 00:01:00+0000,2022-03-31 06:56:00+0000,36,
2022-04-01,88,297,1,2022-03-31 22:32:00+0000,2022-04-01 07:01:00+0000,123,
2022-04-02,78,350,4,2022-04-01 22:56:00+0000,2022-04-02 07:18:00+0000,70,
2022-04-03,94,369,0,2022-04-02 23:12:00+0000,2022-04-03 07:33:00+0000,38,
2022-04-04,68,258,25,2022-04-03 22:52:00+0000,2022-04-04 06:40:00+0000,117,
2022-04-05,57,247,8,2022-04-05 00:20:00+0000,2022-04-05 07:06:00+0000,94,
2022-04-06,98,309,0,2022-04-05 22:22:00+0000,2022-04-06 06:15:00+0000,66,
2022-04-07,71,323,0,2022-04-06 23:53:00+0000,2022-04-07 07:06:00+0000,39,
2022-04-08,82,264,3,2022-04-07 22:59:00+0000,2022-04-08 06:17:00+0000,89,
2022-04-09,68,240,26,2022-04-08 23:56:00+0000,2022-04-09 06:21:00+0000,51,"[{\"start\":\"2022-01-08 00:33:28+0000\",\"end\":\"2022-01-08 00:34:01+0000\"}]"
2022-04-10,76,260,1,2022-04-10 00:04:00+0000,2022-04-10 06:29:00+0000,48,
2022-04-11,64,235,10,2022-04-11 00:09:00+0000,2022-04-11 07:06:00+0000,108,
2022-04-12,82,215,21,2022-04-12 01:11:00+0000,2022-04-12 07:33:00+0000,64,
2022-04-13,75,379,0,2022-04-12 22:54:00+0000,2022-04-13 07:12:00+0000,44,
2022-04-14,69,251,17,2022-04-14 00:22:00+0000,2022-04-14 07:01:00+0000,62,
2022-04-15,0,0,0,2022-04-13 22:00:00+0000,2022-04-13 22:00:00+0000,0,
2022-04-16,59,267,39,2022-04-15 23:57:00+0000,2022-04-16 07:42:00+0000,100,
2022-04-17,39,274,24,2022-04-16 23:58:00+0000,2022-04-17 06:37:00+0000,62,
2022-04-18,67,188,0,2022-04-17 23:06:00+0000,2022-04-18 04:11:00+0000,50,
2022-04-19,68,184,68,2022-04-18 22:57:00+0000,2022-04-19 06:17:00+0000,120,
2022-04-20,80,234,9,2022-04-19 23:26:00+0000,2022-04-20 06:30:00+0000,101,
2022-04-21,104,209,28,2022-04-20 23:20:00+0000,2022-04-21 06:23:00+0000,82,
2022-04-22,94,298,0,2022-04-21 22:54:00+0000,2022-04-22 06:30:00+0000,64,
2022-04-23,47,271,37,2022-04-22 23:31:00+0000,2022-04-23 07:02:00+0000,96,
2022-04-24,55,271,1,2022-04-23 23:35:00+0000,2022-04-24 05:25:00+0000,23,
2022-04-25,88,295,11,2022-04-24 23:14:00+0000,2022-04-25 06:30:00+0000,42,
2022-04-26,60,282,7,2022-04-26 00:17:00+0000,2022-04-26 07:18:00+0000,72,
2022-04-27,49,330,0,2022-04-26 23:28:00+0000,2022-04-27 06:52:00+0000,65,
2022-04-28,78,261,12,2022-04-27 22:59:00+0000,2022-04-28 06:02:00+0000,72,"[{\"start\":\"2022-01-08 00:36:09+0000\",\"end\":\"2022-01-08 00:37:18+0000\"}]"
2022-04-29,58,221,39,2022-04-28 23:23:00+0000,2022-04-29 06:22:00+0000,101,
2022-04-30,55,384,28,2022-04-29 23:30:00+0000,2022-04-30 08:10:00+0000,53,"[{\"start\":\"2022-01-08 00:35:38+0000\",\"end\":\"2022-01-08 00:36:14+0000\"}]"
2022-05-01,68,284,1,2022-04-30 23:17:00+0000,2022-05-01 05:47:00+0000,37,
2022-05-02,0,0,0,2022-04-30 22:00:00+0000,2022-04-30 22:00:00+0000,0,
2022-05-03,49,159,56,2022-05-03 01:28:00+0000,2022-05-03 06:58:00+0000,66,
2022-05-04,85,255,7,2022-05-03 23:06:00+0000,2022-05-04 06:11:00+0000,78,
2022-05-05,0,0,0,2022-05-03 22:00:00+0000,2022-05-03 22:00:00+0000,0,"[{\"start\":\"2022-01-08 00:35:57+0000\",\"end\":\"2022-01-08 00:37:18+0000\"}]"
2022-05-06,53,253,3,2022-05-05 23:45:00+0000,2022-05-06 06:54:00+0000,120,"[{\"start\":\"2022-01-08 00:35:36+0000\",\"end\":\"2022-01-08 00:35:55+0000\"},{\"start\":\"2022-01-08 00:35:56+0000\",\"end\":\"2022-01-08 00:36:22+0000\"},{\"start\":\"2022-01-08 00:36:23+0000\",\"end\":\"2022-01-08 00:37:07+0000\"},{\"start\":\"2022-01-08 00:37:08+0000\",\"end\":\"2022-01-08 00:37:39+0000\"},{\"start\":\"2022-01-08 00:37:40+0000\",\"end\":\"2022-01-08 00:38:49+0000\"}]"
2022-05-07,71,362,8,2022-05-06 23:08:00+0000,2022-05-07 07:52:00+0000,83,
2022-05-08,0,0,0,2022-05-06 22:00:00+0000,2022-05-06 22:00:00+0000,0,
2022-05-09,67,317,17,2022-05-08 23:15:00+0000,2022-05-09 06:57:00+0000,61,"[{\"start\":\"2022-01-08 00:39:08+0000\",\"end\":\"2022-01-08 00:39:39+0000\"}]"
2022-05-10,84,290,1,2022-05-09 22:47:00+0000,2022-05-10 05:51:00+0000,49,
2022-05-11,36,316,51,2022-05-10 22:58:00+0000,2022-05-11 06:47:00+0000,66,
2022-05-12,60,353,11,2022-05-11 22:38:00+0000,2022-05-12 06:35:00+0000,53,
2022-05-13,53,257,29,2022-05-12 22:40:00+0000,2022-05-13 06:05:00+0000,106,
2022-05-14,43,222,44,2022-05-14 01:04:00+0000,2022-05-14 07:34:00+0000,81,
2022-05-15,46,260,19,2022-05-15 00:41:00+0000,2022-05-15 07:42:00+0000,96,
2022-05-16,51,356,0,2022-05-15 23:38:00+0000,2022-05-16 07:17:00+0000,52,"[{\"start\":\"2022-01-08 00:37:26+0000\",\"end\":\"2022-01-08 00:39:11+0000\"}]"
2022-05-17,102,278,60,2022-05-16 23:06:00+0000,2022-05-17 07:24:00+0000,58,
2022-05-18,49,284,1,2022-05-17 23:45:00+0000,2022-05-18 05:57:00+0000,38,
2022-05-19,56,177,54,2022-05-19 01:14:00+0000,2022-05-19 07:13:00+0000,72,
2022-05-20,55,289,22,2022-05-19 23:24:00+0000,2022-05-20 06:49:00+0000,79,
2022-05-21,79,312,32,2022-05-21 00:22:00+0000,2022-05-21 08:14:00+0000,49,
2022-05-22,41,193,99,2022-05-21 22:46:00+0000,2022-05-22 06:01:00+0000,102,
2022-05-23,60,335,2,2022-05-22 23:07:00+0000,2022-05-23 06:08:00+0000,24,
2022-05-24,104,253,13,2022-05-23 23:14:00+0000,2022-05-24 07:18:00+0000,114,
2022-05-25,61,328,0,2022-05-24 23:23:00+0000,2022-05-25 07:11:00+0000,79,
2022-05-26,112,303,33,2022-05-25 22:49:00+0000,2022-05-26 07:45:00+0000,88,
2022-05-27,34,329,3,2022-05-27 00:02:00+0000,2022-05-27 06:29:00+0000,21,
2022-05-28,46,297,0,2022-05-27 23:48:00+0000,2022-05-28 06:15:00+0000,44,
2022-05-29,68,282,0,2022-05-28 23:26:00+0000,2022-05-29 05:40:00+0000,24,
2022-05-30,47,338,3,2022-05-29 22:51:00+0000,2022-05-30 06:31:00+0000,72,"[{\"start\":\"2022-01-08 00:35:51+0000\",\"end\":\"2022-01-08 00:36:09+0000\"}]"
2022-05-31,81,276,5,2022-05-30 23:18:00+0000,2022-05-31 06:13:00+0000,53,
2022-06-01,63,328,2,2022-05-31 23:09:00+0000,2022-06-01 06:38:00+0000,56,
2022-06-02,68,289,27,2022-06-01 23:26:00+0000,2022-06-02 07:21:00+0000,91,
2022-06-03,75,358,2,2022-06-02 23:15:00+0000,2022-06-03 07:37:00+0000,67,
2022-06-04,67,276,2,2022-06-04 00:11:00+0000,2022-06-04 06:41:00+0000,45,
2022-06-05,60,296,0,2022-06-04 23:11:00+0000,2022-06-05 05:41:00+0000,34,
2022-06-06,49,366,6,2022-06-05 22:51:00+0000,2022-06-06 06:36:00+0000,44,
2022-06-07,79,348,8,2022-06-06 22:15:00+0000,2022-06-07 06:25:00+0000,55,
2022-06-08,89,278,7,2022-06-07 23:31:00+0000,2022-06-08 06:27:00+0000,42,
2022-06-09,75,264,13,2022-06-08 23:18:00+0000,2022-06-09 06:29:00+0000,79,
2022-06-10,78,297,9,2022-06-09 23:23:00+0000,2022-06-10 06:14:00+0000,27,
2022-06-11,88,280,7,2022-06-11 00:27:00+0000,2022-06-11 07:13:00+0000,31,
2022-06-12,45,363,20,2022-06-11 23:40:00+0000,2022-06-12 07:20:00+0000,32,
2022-06-13,62,284,2,2022-06-13 00:29:00+0000,2022-06-13 06:59:00+0000,42,
2022-06-14,92,314,4,2022-06-13 22:54:00+0000,2022-06-14 06:45:00+0000,61,
2022-06-15,50,359,0,2022-06-14 23:41:00+0000,2022-06-15 06:55:00+0000,25,
2022-06-16,45,264,2,2022-06-16 00:45:00+0000,2022-06-16 07:40:00+0000,104,
2022-06-17,84,208,20,2022-06-16 23:20:00+0000,2022-06-17 05:46:00+0000,74,
2022-06-18,65,321,2,2022-06-18 00:07:00+0000,2022-06-18 07:50:00+0000,75,
2022-06-19,103,334,9,2022-06-18 23:36:00+0000,2022-06-19 07:46:00+0000,44,"[{\"start\":\"2022-01-08 00:34:52+0000\",\"end\":\"2022-01-08 00:35:49+0000\"},{\"start\":\"2022-01-08 00:39:19+0000\",\"end\":\"2022-01-08 00:40:02+0000\"}]"
2022-06-20,63,340,0,2022-06-19 23:32:00+0000,2022-06-20 06:50:00+0000,35,
2022-06-21,27,273,1,2022-06-20 22:56:00+0000,2022-06-21 04:38:00+0000,41,
2022-06-22,63,204,0,2022-06-21 22:45:00+0000,2022-06-22 03:45:00+0000,33,
2022-06-23,43,333,8,2022-06-22 23:53:00+0000,2022-06-23 06:57:00+0000,40,
2022-06-24,48,300,29,2022-06-23 23:09:00+0000,2022-06-24 06:35:00+0000,69,
2022-06-25,51,379,3,2022-06-24 23:02:00+0000,2022-06-25 06:59:00+0000,44,
2022-06-26,61,299,18,2022-06-25 23:51:00+0000,2022-06-26 07:01:00+0000,52,
2022-06-27,89,348,0,2022-06-26 23:04:00+0000,2022-06-27 06:56:00+0000,35,
2022-06-28,79,302,4,2022-06-27 22:48:00+0000,2022-06-28 05:39:00+0000,26,
2022-06-29,68,296,3,2022-06-28 23:12:00+0000,2022-06-29 05:53:00+0000,34,
2022-06-30,84,303,25,2022-06-29 22:46:00+0000,2022-06-30 06:24:00+0000,46,
2022-07-01,66,326,5,2022-06-30 23:43:00+0000,2022-07-01 06:44:00+0000,24,
2022-07-02,74,284,12,2022-07-01 22:56:00+0000,2022-07-02 05:30:00+0000,24,
2022-07-03,48,258,5,2022-07-02 23:13:00+0000,2022-07-03 05:43:00+0000,79,
2022-07-04,73,235,28,2022-07-03 23:22:00+0000,2022-07-04 05:57:00+0000,59,
2022-07-05,86,310,2,2022-07-04 22:54:00+0000,2022-07-05 06:33:00+0000,61,
2022-07-06,70,318,0,2022-07-05 23:17:00+0000,2022-07-06 06:21:00+0000,36,
2022-07-07,62,346,0,2022-07-06 23:10:00+0000,2022-07-07 06:43:00+0000,45,
2022-07-08,63,272,42,2022-07-07 22:49:00+0000,2022-07-08 05:57:00+0000,51,
2022-07-09,70,350,3,2022-07-08 23:30:00+0000,2022-07-09 07:00:00+0000,27,
2022-07-10,59,378,1,2022-07-09 23:01:00+0000,2022-07-10 07:29:00+0000,70,
2022-07-11,70,283,9,2022-07-10 23:25:00+0000,2022-07-11 06:19:00+0000,52,
2022-07-12,88,289,2,2022-07-11 23:42:00+0000,2022-07-12 06:46:00+0000,45,
2022-07-13,87,259,23,2022-07-12 23:19:00+0000,2022-07-13 07:07:00+0000,99,
2022-07-14,38,340,9,2022-07-13 23:33:00+0000,2022-07-14 06:47:00+0000,47,
2022-07-15,76,298,0,2022-07-14 23:11:00+0000,2022-07-15 06:35:00+0000,70,
2022-07-16,56,257,0,2022-07-15 22:34:00+0000,2022-07-16 04:15:00+0000,28,
2022-07-17,48,179,3,2022-07-17 02:34:00+0000,2022-07-17 07:08:00+0000,44,
2022-07-18,54,367,0,2022-07-17 22:54:00+0000,2022-07-18 07:00:00+0000,65,
2022-07-19,62,278,12,2022-07-18 22:57:00+0000,2022-07-19 07:00:00+0000,131,
2022-07-20,97,323,3,2022-07-19 23:18:00+0000,2022-07-20 06:57:00+0000,36,
2022-07-21,43,297,11,2022-07-20 23:54:00+0000,2022-07-21 06:51:00+0000,66,"[{\"start\":\"2022-01-08 00:40:02+0000\",\"end\":\"2022-01-08 00:40:45+0000\"}]"
2022-07-22,84,276,49,2022-07-21 22:54:00+0000,2022-07-22 06:58:00+0000,75,
2022-07-23,34,234,6,2022-07-22 23:46:00+0000,2022-07-23 05:10:00+0000,50,
2022-07-24,80,284,1,2022-07-23 23:56:00+0000,2022-07-24 06:50:00+0000,49,
2022-07-25,37,323,2,2022-07-25 00:03:00+0000,2022-07-25 06:58:00+0000,53,
2022-07-26,70,259,0,2022-07-26 00:40:00+0000,2022-07-26 06:33:00+0000,24,
2022-07-27,41,382,3,2022-07-26 23:00:00+0000,2022-07-27 07:00:00+0000,54,
2022-07-28,74,242,21,2022-07-27 23:04:00+0000,2022-07-28 05:45:00+0000,64,
2022-07-29,45,310,11,2022-07-28 22:32:00+0000,2022-07-29 06:22:00+0000,104,
2022-07-30,36,311,37,2022-07-29 23:06:00+0000,2022-07-30 07:46:00+0000,136,
2022-07-31,49,244,42,2022-07-30 23:15:00+0000,2022-07-31 06:40:00+0000,110,
2022-08-01,87,243,59,2022-07-31 22:43:00+0000,2022-08-01 06:46:00+0000,94,
2022-08-02,92,282,4,2022-08-01 22:28:00+0000,2022-08-02 05:26:00+0000,40,
2022-08-03,82,286,21,2022-08-02 22:35:00+0000,2022-08-03 06:51:00+0000,107,
2022-08-04,72,261,3,2022-08-03 23:10:00+0000,2022-08-04 06:54:00+0000,128,
2022-08-05,66,361,20,2022-08-04 22:11:00+0000,2022-08-05 06:52:00+0000,74,
2022-08-06,57,307,29,2022-08-05 22:24:00+0000,2022-08-06 06:42:00+0000,105,
2022-08-07,106,229,55,2022-08-06 23:11:00+0000,2022-08-07 07:13:00+0000,92,
2022-08-08,105,309,6,2022-08-07 22:25:00+0000,2022-08-08 06:24:00+0000,59,
2022-08-09,50,278,0,2022-08-08 23:04:00+0000,2022-08-09 05:31:00+0000,59,
2022-08-10,0,0,0,2022-08-08 22:00:00+0000,2022-08-08 22:00:00+0000,0,
2022-08-11,93,262,11,2022-08-10 22:47:00+0000,2022-08-11 06:16:00+0000,83,
2022-08-12,46,352,19,2022-08-11 23:28:00+0000,2022-08-12 06:59:00+0000,34,
2022-08-13,53,375,13,2022-08-12 22:22:00+0000,2022-08-13 07:40:00+0000,117,
2022-08-14,20,225,0,2022-08-14 01:13:00+0000,2022-08-14 06:47:00+0000,89,
2022-08-15,84,350,44,2022-08-14 23:00:00+0000,2022-08-15 08:10:00+0000,72,
2022-08-16,98,270,33,2022-08-15 23:09:00+0000,2022-08-16 06:38:00+0000,48,
2022-08-17,100,302,2,2022-08-16 22:46:00+0000,2022-08-17 06:42:00+0000,72,
2022-08-18,104,251,16,2022-08-17 23:02:00+0000,2022-08-18 06:55:00+0000,102,
2022-08-19,114,261,16,2022-08-18 22:24:00+0000,2022-08-19 06:15:00+0000,80,"[{\"start\":\"2022-01-08 00:37:15+0000\",\"end\":\"2022-01-08 00:38:41+0000\"}]"
2022-08-20,57,276,10,2022-08-20 00:31:00+0000,2022-08-20 07:12:00+0000,58,
2022-08-21,113,202,76,2022-08-20 22:32:00+0000,2022-08-21 06:46:00+0000,103,
2022-08-22,18,274,17,2022-08-21 23:12:00+0000,2022-08-22 06:18:00+0000,117,
2022-08-23,56,326,25,2022-08-22 22:25:00+0000,2022-08-23 06:40:00+0000,88,
2022-08-24,41,285,10,2022-08-23 22:55:00+0000,2022-08-24 05:50:00+0000,79,
2022-08-25,15,136,0,2022-08-25 00:09:00+0000,2022-08-25 03:57:00+0000,77,
2022-08-26,54,240,44,2022-08-25 23:24:00+0000,2022-08-26 06:37:00+0000,95,
2022-08-27,74,166,40,2022-08-26 22:54:00+0000,2022-08-27 05:12:00+0000,98,
2022-08-28,58,276,61,2022-08-27 22:47:00+0000,2022-08-28 07:10:00+0000,108,
2022-08-29,98,297,19,2022-08-28 22:34:00+0000,2022-08-29 06:13:00+0000,45,
2022-08-30,73,259,0,2022-08-29 22:47:00+0000,2022-08-30 05:04:00+0000,45,
2022-08-31,112,279,42,2022-08-30 21:35:00+0000,2022-08-31 06:37:00+0000,109,
2022-09-01,39,266,11,2022-08-31 23:08:00+0000,2022-09-01 05:09:00+0000,45,
2022-09-02,85,260,51,2022-09-01 22:43:00+0000,2022-09-02 06:45:00+0000,86,
2022-09-03,62,351,2,2022-09-02 22:45:00+0000,2022-09-03 06:34:00+0000,54,
2022-09-04,69,349,4,2022-09-03 23:05:00+0000,2022-09-04 07:01:00+0000,54,
2022-09-05,61,272,0,2022-09-04 22:02:00+0000,2022-09-05 05:41:00+0000,126,
2022-09-06,68,254,23,2022-09-05 22:36:00+0000,2022-09-06 05:40:00+0000,79,
2022-09-07,55,366,19,2022-09-06 22:02:00+0000,2022-09-07 06:31:00+0000,69,"[{\"start\":\"2022-01-08 00:33:38+0000\",\"end\":\"2022-01-08 00:34:34+0000\"}]"
2022-09-08,68,348,9,2022-09-07 22:35:00+0000,2022-09-08 06:20:00+0000,40,
2022-09-09,62,281,2,2022-09-08 22:20:00+0000,2022-09-09 05:18:00+0000,73,
2022-09-10,94,338,24,2022-09-09 23:12:00+0000,2022-09-10 07:28:00+0000,40,
2022-09-11,63,341,0,2022-09-10 23:11:00+0000,2022-09-11 06:40:00+0000,45,
2022-09-12,85,280,12,2022-09-11 22:44:00+0000,2022-09-12 06:20:00+0000,79,
2022-09-13,93,334,0,2022-09-12 23:11:00+0000,2022-09-13 06:59:00+0000,41,"[{\"start\":\"2022-01-08 00:34:17+0000\",\"end\":\"2022-01-08 00:34:55+0000\"}]"
2022-09-14,78,345,16,2022-09-13 22:06:00+0000,2022-09-14 06:24:00+0000,59,
2022-09-15,80,296,2,2022-09-14 22:11:00+0000,2022-09-15 05:29:00+0000,60,
2022-09-16,33,243,7,2022-09-16 00:05:00+0000,2022-09-16 06:36:00+0000,108,
2022-09-17,83,308,2,2022-09-16 23:09:00+0000,2022-09-17 06:27:00+0000,45,
2022-09-18,107,369,12,2022-09-17 23:09:00+0000,2022-09-18 07:52:00+0000,35,
2022-09-19,55,380,9,2022-09-18 22:39:00+0000,2022-09-19 06:35:00+0000,32,
2022-09-20,39,389,6,2022-09-19 22:30:00+0000,2022-09-20 06:39:00+0000,55,
2022-09-21,94,314,0,2022-09-20 23:36:00+0000,2022-09-21 06:55:00+0000,31,
2022-09-22,62,185,3,2022-09-21 23:12:00+0000,2022-09-22 04:56:00+0000,94,
2022-09-23,56,366,1,2022-09-22 23:09:00+0000,2022-09-23 06:50:00+0000,38,
2022-09-24,59,293,21,2022-09-23 23:51:00+0000,2022-09-24 07:24:00+0000,80,
2022-09-25,109,380,27,2022-09-24 22:55:00+0000,2022-09-25 08:01:00+0000,30,
2022-09-26,75,302,38,2022-09-25 23:12:00+0000,2022-09-26 06:52:00+0000,45,
2022-09-27,92,273,30,2022-09-26 23:15:00+0000,2022-09-27 06:54:00+0000,64,
2022-09-28,82,314,19,2022-09-27 23:07:00+0000,2022-09-28 06:55:00+0000,53,
2022-09-29,102,280,57,2022-09-28 22:51:00+0000,2022-09-29 06:47:00+0000,37,
2022-09-30,74,339,5,2022-09-29 22:53:00+0000,2022-09-30 06:31:00+0000,40,
2022-10-01,48,352,18,2022-09-30 23:00:00+0000,2022-10-01 07:06:00+0000,68,
2022-10-02,71,338,34,2022-10-01 23:22:00+0000,2022-10-02 07:21:00+0000,36,
2022-10-03,60,321,0,2022-10-02 23:06:00+0000,2022-10-03 06:12:00+0000,45,
2022-10-04,73,279,2,2022-10-03 22:22:00+0000,2022-10-04 04:38:00+0000,22,
2022-10-05,65,309,2,2022-10-04 23:30:00+0000,2022-10-05 06:21:00+0000,35,
2022-10-06,51,357,0,2022-10-05 23:02:00+0000,2022-10-06 06:51:00+0000,61,
2022-10-07,94,291,43,2022-10-06 22:47:00+0000,2022-10-07 06:33:00+0000,38,
2022-10-08,0,0,0,2022-10-06 22:00:00+0000,2022-10-06 22:00:00+0000,0,
2022-10-09,58,374,32,2022-10-08 23:06:00+0000,2022-10-09 08:01:00+0000,71,
2022-10-10,85,274,5,2022-10-09 23:48:00+0000,2022-10-10 06:21:00+0000,29,
2022-10-11,98,298,5,2022-10-10 23:02:00+0000,2022-10-11 06:35:00+0000,52,
2022-10-12,51,343,6,2022-10-11 23:12:00+0000,2022-10-12 06:28:00+0000,36,
2022-10-13,84,232,2,2022-10-12 23:41:00+0000,2022-10-13 05:51:00+0000,52,
2022-10-14,66,314,5,2022-10-13 23:32:00+0000,2022-10-14 06:39:00+0000,42,
2022-10-15,48,326,34,2022-10-14 23:45:00+0000,2022-10-15 07:57:00+0000,84,
2022-10-16,95,319,3,2022-10-15 23:54:00+0000,2022-10-16 07:51:00+0000,60,
2022-10-17,74,264,17,2022-10-16 22:31:00+0000,2022-10-17 06:35:00+0000,129,
2022-10-18,71,258,24,2022-10-17 22:58:00+0000,2022-10-18 06:16:00+0000,85,
2022-10-19,98,265,7,2022-10-18 22:45:00+0000,2022-10-19 06:58:00+0000,123,
2022-10-20,24,270,12,2022-10-19 22:54:00+0000,2022-10-20 04:30:00+0000,30,
2022-10-21,73,239,49,2022-10-20 22:14:00+0000,2022-10-21 05:40:00+0000,85,
2022-10-22,93,314,53,2022-10-21 23:00:00+0000,2022-10-22 07:41:00+0000,61,
2022-10-23,53,338,1,2022-10-23 00:23:00+0000,2022-10-23 08:01:00+0000,66,
2022-10-24,66,336,6,2022-10-23 22:33:00+0000,2022-10-24 06:14:00+0000,53,
2022-10-25,49,327,59,2022-10-24 22:47:00+0000,2022-10-25 06:51:00+0000,49,
2022-10-26,32,231,49,2022-10-25 23:28:00+0000,2022-10-26 06:38:00+0000,118,
2022-10-27,35,273,15,2022-10-26 23:38:00+0000,2022-10-27 06:50:00+0000,109,"[{\"start\":\"2022-01-08 00:34:56+0000\",\"end\":\"2022-01-08 00:35:40+0000\"}]"
2022-10-28,57,363,0,2022-10-27 22:47:00+0000,2022-10-28 06:45:00+0000,58,
2022-10-29,0,0,0,2022-10-27 22:00:00+0000,2022-10-27 22:00:00+0000,0,
2022-10-30,74,384,4,2022-10-29 23:19:00+0000,2022-10-30 08:02:00+0000,61,
2022-10-31,60,335,2,2022-10-31 00:26:00+0000,2022-10-31 07:56:00+0000,53,
2022-11-01,86,350,29,2022-10-31 23:53:00+0000,2022-11-01 08:19:00+0000,41,
2022-11-02,75,330,20,2022-11-01 23:33:00+0000,2022-11-02 07:40:00+0000,62,
2022-11-03,101,314,10,2022-11-03 00:02:00+0000,2022-11-03 07:52:00+0000,45,
2022-11-04,81,303,2,2022-11-03 23:53:00+0000,2022-11-04 07:06:00+0000,47,
2022-11-05,56,319,35,2022-11-05 00:09:00+0000,2022-11-05 08:18:00+0000,79,
2022-11-06,75,338,34,2022-11-06 00:11:00+0000,2022-11-06 08:47:00+0000,69,
2022-11-07,100,332,22,2022-11-06 23:59:00+0000,2022-11-07 07:56:00+0000,23,
2022-11-08,98,365,5,2022-11-07 23:45:00+0000,2022-11-08 08:06:00+0000,33,
2022-11-09,100,334,27,2022-11-08 23:20:00+0000,2022-11-09 07:36:00+0000,35,
2022-11-10,32,246,58,2022-11-10 00:47:00+0000,2022-11-10 07:55:00+0000,92,
2022-11-11,33,235,0,2022-11-10 23:57:00+0000,2022-11-11 05:57:00+0000,92,
2022-11-12,61,271,22,2022-11-12 01:44:00+0000,2022-11-12 08:45:00+0000,67,
2022-11-13,83,330,49,2022-11-13 00:13:00+0000,2022-11-13 09:21:00+0000,86,
2022-11-14,75,302,1,2022-11-14 02:30:00+0000,2022-11-14 09:33:00+0000,45,
2022-11-15,69,389,7,2022-11-14 23:22:00+0000,2022-11-15 07:47:00+0000,40,
2022-11-16,61,333,48,2022-11-15 23:57:00+0000,2022-11-16 07:59:00+0000,40,
2022-11-17,87,340,22,2022-11-16 23:25:00+0000,2022-11-17 08:00:00+0000,66,
2022-11-18,94,322,0,2022-11-18 00:02:00+0000,2022-11-18 07:35:00+0000,37,
2022-11-19,67,277,1,2022-11-18 23:47:00+0000,2022-11-19 06:12:00+0000,40,"[{\"start\":\"2022-01-08 00:32:55+0000\",\"end\":\"2022-01-08 00:33:19+0000\"}]"
2022-11-20,36,316,12,2022-11-20 01:44:00+0000,2022-11-20 09:31:00+0000,103,
2022-11-21,52,285,72,2022-11-21 00:13:00+0000,2022-11-21 09:39:00+0000,157,
2022-11-22,0,0,0,2022-11-20 23:00:00+0000,2022-11-20 23:00:00+0000,0,
2022-11-23,22,295,47,2022-11-22 23:38:00+0000,2022-11-23 07:57:00+0000,135,
2022-11-24,74,295,11,2022-11-24 00:26:00+0000,2022-11-24 07:32:00+0000,46,
2022-11-25,87,256,18,2022-11-25 00:54:00+0000,2022-11-25 07:43:00+0000,48,
2022-11-26,77,358,4,2022-11-25 23:49:00+0000,2022-11-26 09:06:00+0000,118,
2022-11-27,93,280,67,2022-11-26 23:54:00+0000,2022-11-27 09:16:00+0000,122,
2022-11-28,68,270,6,2022-11-28 01:50:00+0000,2022-11-28 08:26:00+0000,52,
2022-11-29,66,356,0,2022-11-28 23:23:00+0000,2022-11-29 07:54:00+0000,89,
2022-11-30,71,274,2,2022-11-30 01:10:00+0000,2022-11-30 07:35:00+0000,38,
2022-12-01,70,364,1,2022-11-30 23:46:00+0000,2022-12-01 07:50:00+0000,49,
2022-12-02,98,297,37,2022-12-01 23:40:00+0000,2022-12-02 07:36:00+0000,44,
2022-12-03,71,198,39,2022-12-03 02:07:00+0000,2022-12-03 09:07:00+0000,112,
2022-12-04,102,382,7,2022-12-03 23:28:00+0000,2022-12-04 09:28:00+0000,109,
2022-12-05,77,192,0,2022-12-05 01:48:00+0000,2022-12-05 07:57:00+0000,100,
2022-12-06,38,247,42,2022-12-06 00:11:00+0000,2022-12-06 07:44:00+0000,126,
2022-12-07,72,269,9,2022-12-07 01:23:00+0000,2022-12-07 07:39:00+0000,26,
2022-12-08,92,294,16,2022-12-07 23:13:00+0000,2022-12-08 06:53:00+0000,58,
2022-12-09,74,309,1,2022-12-09 00:18:00+0000,2022-12-09 07:45:00+0000,63,
2022-12-10,61,366,38,2022-12-09 23:30:00+0000,2022-12-10 08:21:00+0000,66,
2022-12-11,47,340,14,2022-12-10 23:18:00+0000,2022-12-11 07:58:00+0000,119,
2022-12-12,49,279,2,2022-12-12 01:30:00+0000,2022-12-12 07:26:00+0000,26,
2022-12-13,64,328,8,2022-12-12 23:48:00+0000,2022-12-13 08:00:00+0000,92,
2022-12-14,54,301,2,2022-12-14 00:09:00+0000,2022-12-14 07:26:00+0000,80,
2022-12-15,22,393,1,2022-12-15 00:05:00+0000,2022-12-15 07:59:00+0000,58,
2022-12-16,90,247,3,2022-12-16 00:59:00+0000,2022-12-16 07:52:00+0000,73,
2022-12-17,61,349,13,2022-12-17 00:28:00+0000,2022-12-17 08:13:00+0000,42,
2022-12-18,83,369,23,2022-12-18 01:09:00+0000,2022-12-18 09:44:00+0000,40,
2022-12-19,103,252,43,2022-12-18 23:56:00+0000,2022-12-19 08:21:00+0000,107,
2022-12-20,93,303,1,2022-12-19 23:25:00+0000,2022-12-20 07:15:00+0000,73,
2022-12-21,99,281,17,2022-12-21 00:20:00+0000,2022-12-21 08:02:00+0000,65,
2022-12-22,81,378,0,2022-12-22 00:22:00+0000,2022-12-22 09:02:00+0000,61,
2022-12-23,37,223,11,2022-12-23 02:03:00+0000,2022-12-23 07:22:00+0000,48,
2022-12-24,55,298,70,2022-12-24 00:33:00+0000,2022-12-24 08:41:00+0000,65,
2022-12-25,43,253,67,2022-12-25 01:22:00+0000,2022-12-25 08:39:00+0000,74,
2022-12-26,100,328,1,2022-12-26 00:26:00+0000,2022-12-26 08:59:00+0000,84,
2022-12-27,52,364,7,2022-12-27 00:38:00+0000,2022-12-27 08:32:00+0000,51,
2022-12-28,0,0,0,2022-12-26 23:00:00+0000,2022-12-26 23:00:00+0000,0,
2022-12-29,0,0,0,2022-12-27 23:00:00+0000,2022-12-27 23:00:00+0000,0,
2022-12-30,0,0,0,2022-12-28 23:00:00+0000,2022-12-28 23:00:00+0000,0,
2022-12-31,0,0,0,2022-12-29 23:00:00+0000,2022-12-29 23:00:00+0000,0,
2023-01-01,0,0,0,2022-12-30 23:00:00+0000,2022-12-30 23:00:00+0000,0,
2023-01-02,0,0,0,2022-12-31 23:00:00+0000,2022-12-31 23:00:00+0000,0,
2023-01-03,0,0,0,2023-01-01 23:00:00+0000,2023-01-01 23:00:00+0000,0,
2023-01-04,0,0,0,2023-01-02 23:00:00+0000,2023-01-02 23:00:00+0000,0,
2023-01-05,0,0,0,2023-01-03 23:00:00+0000,2023-01-03 23:00:00+0000,0,
2023-01-06,0,0,0,2023-01-04 23:00:00+0000,2023-01-04 23:00:00+0000,0,
2023-01-07,0,0,0,2023-01-05 23:00:00+0000,2023-01-05 23:00:00+0000,0,
2023-01-08,0,0,0,2023-01-06 23:00:00+0000,2023-01-06 23:00:00+0000,0,
2023-01-09,0,0,0,2023-01-07 23:00:00+0000,2023-01-07 23:00:00+0000,0,
2023-01-10,0,0,0,2023-01-08 23:00:00+0000,2023-01-08 23:00:00+0000,0,
2023-01-11,0,0,0,2023-01-09 23:00:00+0000,2023-01-09 23:00:00+0000,0,
2023-01-12,0,0,0,2023-01-10 23:00:00+0000,2023-01-10 23:00:00+0000,0,
2023-01-13,0,0,0,2023-01-11 23:00:00+0000,2023-01-11 23:00:00+0000,0,
2023-01-14,0,0,0,2023-01-12 23:00:00+0000,2023-01-12 23:00:00+0000,0,
2023-01-15,0,0,0,2023-01-13 23:00:00+0000,2023-01-13 23:00:00+0000,0,
2023-01-16,0,0,0,2023-01-14 23:00:00+0000,2023-01-14 23:00:00+0000,0,
2023-01-17,0,0,0,2023-01-15 23:00:00+0000,2023-01-15 23:00:00+0000,0,
2023-01-18,0,0,0,2023-01-16 23:00:00+0000,2023-01-16 23:00:00+0000,0,
2023-01-19,0,0,0,2023-01-17 23:00:00+0000,2023-01-17 23:00:00+0000,0,
2023-01-20,0,0,0,2023-01-18 23:00:00+0000,2023-01-18 23:00:00+0000,0,
2023-01-21,0,0,0,2023-01-19 23:00:00+0000,2023-01-19 23:00:00+0000,0,
2023-01-22,0,0,0,2023-01-20 23:00:00+0000,2023-01-20 23:00:00+0000,0,
2023-01-23,0,0,0,2023-01-21 23:00:00+0000,2023-01-21 23:00:00+0000,0,
2023-01-24,0,0,0,2023-01-22 23:00:00+0000,2023-01-22 23:00:00+0000,0,
2023-01-25,0,0,0,2023-01-23 23:00:00+0000,2023-01-23 23:00:00+0000,0,
2023-01-26,0,0,0,2023-01-24 23:00:00+0000,2023-01-24 23:00:00+0000,0,
2023-01-27,0,0,0,2023-01-25 23:00:00+0000,2023-01-25 23:00:00+0000,0,
2023-01-28,0,0,0,2023-01-26 23:00:00+0000,2023-01-26 23:00:00+0000,0,
2023-01-29,0,0,0,2023-01-27 23:00:00+0000,2023-01-27 23:00:00+0000,0,
2023-01-30,0,0,0,2023-01-28 23:00:00+0000,2023-01-28 23:00:00+0000,0,
2023-01-31,0,0,0,2023-01-29 23:00:00+0000,2023-01-29 23:00:00+0000,0,
2023-02-01,0,0,0,2023-01-30 23:00:00+0000,2023-01-30 23:00:00+0000,0,
2023-02-02,0,0,0,2023-01-31 23:00:00+0000,2023-01-31 23:00:00+0000,0,
2023-02-03,0,0,0,2023-02-01 23:00:00+0000,2023-02-01 23:00:00+0000,0,
2023-02-04,0,0,0,2023-02-02 23:00:00+0000,2023-02-02 23:00:00+0000,0,
2023-02-05,0,0,0,2023-02-03 23:00:00+0000,2023-02-03 23:00:00+0000,0,
2023-02-06,0,0,0,2023-02-04 23:00:00+0000,2023-02-04 23:00:00+0000,0,
2023-02-07,0,0,0,2023-02-05 23:00:00+0000,2023-02-05 23:00:00+0000,0,
2023-02-08,0,0,0,2023-02-06 23:00:00+0000,2023-02-06 23:00:00+0000,0,
2023-02-09,0,0,0,2023-02-07 23:00:00+0000,2023-02-07 23:00:00+0000,0,
2023-02-10,0,0,0,2023-02-08 23:00:00+0000,2023-02-08 23:00:00+0000,0,
2023-02-11,0,0,0,2023-02-09 23:00:00+0000,2023-02-09 23:00:00+0000,0,
2023-02-12,0,0,0,2023-02-10 23:00:00+0000,2023-02-10 23:00:00+0000,0,
2023-02-13,0,0,0,2023-02-11 23:00:00+0000,2023-02-11 23:00:00+0000,0,
2023-02-14,0,0,0,2023-02-12 23:00:00+0000,2023-02-12 23:00:00+0000,0,
2023-02-15,0,0,0,2023-02-13 23:00:00+0000,2023-02-13 23:00:00+0000,0,
2023-02-16,0,0,0,2023-02-14 23:00:00+0000,2023-02-14 23:00:00+0000,0,
2023-02-17,0,0,0,2023-02-15 23:00:00+0000,2023-02-15 23:00:00+0000,0,
2023-02-18,0,0,0,2023-02-16 23:00:00+0000,2023-02-16 23:00:00+0000,0,
2023-02-19,0,0,0,2023-02-17 23:00:00+0000,2023-02-17 23:00:00+0000,0,
2023-02-20,0,0,0,2023-02-18 23:00:00+0000,2023-02-18 23:00:00+0000,0,
2023-02-21,0,0,0,2023-02-19 23:00:00+0000,2023-02-19 23:00:00+0000,0,
2023-02-22,0,0,0,2023-02-20 23:00:00+0000,2023-02-20 23:00:00+0000,0,
2023-02-23,0,0,0,2023-02-21 23:00:00+0000,2023-02-21 23:00:00+0000,0,
2023-02-24,0,0,0,2023-02-22 23:00:00+0000,2023-02-22 23:00:00+0000,0,
2023-02-25,0,0,0,2023-02-23 23:00:00+0000,2023-02-23 23:00:00+0000,0,
2023-02-26,0,0,0,2023-02-24 23:00:00+0000,2023-02-24 23:00:00+0000,0,
2023-02-27,0,0,0,2023-02-25 23:00:00+0000,2023-02-25 23:00:00+0000,0,
2023-02-28,0,0,0,2023-02-26 23:00:00+0000,2023-02-26 23:00:00+0000,0,
2023-03-01,0,0,0,2023-02-27 23:00:00+0000,2023-02-27 23:00:00+0000,0,
2023-03-02,0,0,0,2023-02-28 23:00:00+0000,2023-02-28 23:00:00+0000,0,
2023-03-03,0,0,0,2023-03-01 23:00:00+0000,2023-03-01 23:00:00+0000,0,
2023-03-04,0,0,0,2023-03-02 23:00:00+0000,2023-03-02 23:00:00+0000,0,
2023-03-05,0,0,0,2023-03-03 23:00:00+0000,2023-03-03 23:00:00+0000,0,
2023-03-06,0,0,0,2023-03-04 23:00:00+0000,2023-03-04 23:00:00+0000,0,
2023-03-07,0,0,0,2023-03-05 23:00:00+0000,2023-03-05 23:00:00+0000,0,
2023-03-08,0,0,0,2023-03-06 23:00:00+0000,2023-03-06 23:00:00+0000,0,
2023-03-09,0,0,0,2023-03-07 23:00:00+0000,2023-03-07 23:00:00+0000,0,
2023-03-10,0,0,0,2023-03-08 23:00:00+0000,2023-03-08 23:00:00+0000,0,
2023-03-11,0,0,0,2023-03-09 23:00:00+0000,2023-03-09 23:00:00+0000,0,
2023-03-12,0,0,0,2023-03-10 23:00:00+0000,2023-03-10 23:00:00+0000,0,
2023-03-13,0,0,0,2023-03-11 23:00:00+0000,2023-03-11 23:00:00+0000,0,
2023-03-14,0,0,0,2023-03-12 23:00:00+0000,2023-03-12 23:00:00+0000,0,
2023-03-15,0,0,0,2023-03-13 23:00:00+0000,2023-03-13 23:00:00+0000,0,
2023-03-16,0,0,0,2023-03-14 23:00:00+0000,2023-03-14 23:00:00+0000,0,
2023-03-17,0,0,0,2023-03-15 23:00:00+0000,2023-03-15 23:00:00+0000,0,
2023-03-18,0,0,0,2023-03-16 23:00:00+0000,2023-03-16 23:00:00+0000,0,
2023-03-19,0,0,0,2023-03-17 23:00:00+0000,2023-03-17 23:00:00+0000,0,
2023-03-20,0,0,0,2023-03-18 23:00:00+0000,2023-03-18 23:00:00+0000,0,
2023-03-21,0,0,0,2023-03-19 23:00:00+0000,2023-03-19 23:00:00+0000,0,
2023-03-22,0,0,0,2023-03-20 23:00:00+0000,2023-03-20 23:00:00+0000,0,
2023-03-23,0,0,0,2023-03-21 23:00:00+0000,2023-03-21 23:00:00+0000,0,
2023-03-24,0,0,0,2023-03-22 23:00:00+0000,2023-03-22 23:00:00+0000,0,
2023-03-25,0,0,0,2023-03-23 23:00:00+0000,2023-03-23 23:00:00+0000,0,
2023-03-26,0,0,0,2023-03-24 23:00:00+0000,2023-03-24 23:00:00+0000,0,
2023-03-27,0,0,0,2023-03-25 22:00:00+0000,2023-03-25 22:00:00+0000,0,
2023-03-28,0,0,0,2023-03-26 22:00:00+0000,2023-03-26 22:00:00+0000,0,
2023-03-29,0,0,0,2023-03-27 22:00:00+0000,2023-03-27 22:00:00+0000,0,
2023-03-30,0,0,0,2023-03-28 22:00:00+0000,2023-03-28 22:00:00+0000,0,
2023-03-31,0,0,0,2023-03-29 22:00:00+0000,2023-03-29 22:00:00+0000,0,
2023-04-01,0,0,0,2023-03-30 22:00:00+0000,2023-03-30 22:00:00+0000,0,
2023-04-02,0,0,0,2023-03-31 22:00:00+0000,2023-03-31 22:00:00+0000,0,
2023-04-03,0,0,0,2023-04-01 22:00:00+0000,2023-04-01 22:00:00+0000,0,
2023-04-04,0,0,0,2023-04-02 22:00:00+0000,2023-04-02 22:00:00+0000,0,
2023-04-05,0,0,0,2023-04-03 22:00:00+0000,2023-04-03 22:00:00+0000,0,
2023-04-06,0,0,0,2023-04-04 22:00:00+0000,2023-04-04 22:00:00+0000,0,
2023-04-07,0,0,0,2023-04-05 22:00:00+0000,2023-04-05 22:00:00+0000,0,
2023-04-08,0,0,0,2023-04-06 22:00:00+0000,2023-04-06 22:00:00+0000,0,
2023-04-09,0,0,0,2023-04-07 22:00:00+0000,2023-04-07 22:00:00+0000,0,
2023-04-10,0,0,0,2023-04-08 22:00:00+0000,2023-04-08 22:00:00+0000,0,
2023-04-11,0,0,0,2023-04-09 22:00:00+0000,2023-04-09 22:00:00+0000,0,
2023-04-12,0,0,0,2023-04-10 22:00:00+0000,2023-04-10 22:00:00+0000,0,
2023-04-13,0,0,0,2023-04-11 22:00:00+0000,2023-04-11 22:00:00+0000,0,
2023-04-14,0,0,0,2023-04-12 22:00:00+0000,2023-04-12 22:00:00+0000,0,
2023-04-15,0,0,0,2023-04-13 22:00:00+0000,2023-04-13 22:00:00+0000,0,
2023-04-16,0,0,0,2023-04-14 22:00:00+0000,2023-04-14 22:00:00+0000,0,
2023-04-17,0,0,0,2023-04-15 22:00:00+0000,2023-04-15 22:00:00+0000,0,
2023-04-18,0,0,0,2023-04-16 22:00:00+0000,2023-04-16 22:00:00+0000,0,
2023-04-19,0,0,0,2023-04-17 22:00:00+0000,2023-04-17 22:00:00+0000,0,
2023-04-20,0,0,0,2023-04-18 22:00:00+0000,2023-04-18 22:00:00+0000,0,
2023-04-21,0,0,0,2023-04-19 22:00:00+0000,2023-04-19 22:00:00+0000,0,
2023-04-22,0,0,0,2023-04-20 22:00:00+0000,2023-04-20 22:00:00+0000,0,
2023-04-23,0,0,0,2023-04-21 22:00:00+0000,2023-04-21 22:00:00+0000,0,
2023-04-24,0,0,0,2023-04-22 22:00:00+0000,2023-04-22 22:00:00+0000,0,
2023-04-25,0,0,0,2023-04-23 22:00:00+0000,2023-04-23 22:00:00+0000,0,
2023-04-26,0,0,0,2023-04-24 22:00:00+0000,2023-04-24 22:00:00+0000,0,
2023-04-27,0,0,0,2023-04-25 22:00:00+0000,2023-04-25 22:00:00+0000,0,
2023-04-28,0,0,0,2023-04-26 22:00:00+0000,2023-04-26 22:00:00+0000,0,
2023-04-29,0,0,0,2023-04-27 22:00:00+0000,2023-04-27 22:00:00+0000,0,
2023-04-30,0,0,0,2023-04-28 22:00:00+0000,2023-04-28 22:00:00+0000,0,
2023-05-01,0,0,0,2023-04-29 22:00:00+0000,2023-04-29 22:00:00+0000,0,
2023-05-02,0,0,0,2023-04-30 22:00:00+0000,2023-04-30 22:00:00+0000,0,
2023-05-03,0,0,0,2023-05-01 22:00:00+0000,2023-05-01 22:00:00+0000,0,
2023-05-04,0,0,0,2023-05-02 22:00:00+0000,2023-05-02 22:00:00+0000,0,
2023-05-05,0,0,0,2023-05-03 22:00:00+0000,2023-05-03 22:00:00+0000,0,
2023-05-06,0,0,0,2023-05-04 22:00:00+0000,2023-05-04 22:00:00+0000,0,
2023-05-07,0,0,0,2023-05-05 22:00:00+0000,2023-05-05 22:00:00+0000,0,
2023-05-08,0,0,0,2023-05-06 22:00:00+0000,2023-05-06 22:00:00+0000,0,
